<?xml version="1.0" encoding="UTF-8"?><kml xmlns="http://www.opengis.net/kml/2.2"><Document><Placemark><name>Eastern Shore</name><ExtendedData><Data name="name"><value>Eastern Shore</value></Data></ExtendedData><Polygon><outerBoundaryIs><LinearRing><coordinates>-76.14538192749016,39.38420239069842 -75.95277786254883,39.36668662525682 -75.886516571045,39.362174276979786 -75.8688354492188,39.36701840406483 -75.83132743835453,39.3645300245837 -75.79158782958989,39.362572437084125 -75.7611179351807,39.36104614435838 -75.75948715209962,39.321815619306896 -75.73888778686519,39.052784883296574 -75.69219589233394,38.46004106572042 -75.03988265991212,38.44982456765289 -75.0611686706543,38.315801006824984 -75.21909713745109,38.01834493072089 -75.62490463256835,37.99345706804981 -75.82265853881835,37.924701076802094 -75.89818954467773,37.90574126308395 -75.92908859252921,37.929575667562325 -75.89269638061523,38.12915547957263 -75.94488143920903,38.096740502286494 -75.97166061401371,38.10970821951465 -75.97578048706055,38.148597559924355 -75.99208831787105,38.21768299465498 -76.13079071044913,38.21444607848999 -76.18984222412105,38.22091976683123 -76.24614715576168,38.29424797320529 -76.33266448974616,38.4449846688947 -76.3518905639648,38.53420168131863 -76.35326385498047,38.79904887985136 -76.29558563232418,38.84826438869911 -76.25438690185547,38.87927407130936 -76.17362022399901,38.91214025248168 -76.10898971557613,38.95406929344103 -76.08839035034175,38.986100252204096 -76.09182357788086,39.0181167240979 -76.10486984252925,39.03731965210481 -76.13782882690425,39.049585458080664 -76.17216110229482,39.05385132615987 -76.19550704956055,39.04745242741608 -76.19688034057613,39.01651624461953 -76.20992660522462,38.99997583555933 -76.22709274291991,38.997841307500714 -76.24975204467773,39.01224812224334 -76.25524520874023,39.02931906610054 -76.25524520874023,39.05758374935664 -76.28820419311523,39.145505151802624 -76.28065109252925,39.29392267616438 -76.14538192749016,39.38420239069842</coordinates></LinearRing></outerBoundaryIs></Polygon></Placemark><Placemark><name>Delaware South</name><ExtendedData><Data name="name"><value>Delaware South</value></Data></ExtendedData><Polygon><outerBoundaryIs><LinearRing><coordinates>-75.30218124389654,39.0106475099408 -75.14854431152338,38.81617117607388 -75.12931823730457,38.805470223177466 -75.09635925292963,38.81189098781868 -75.06340026855463,38.81189098781868 -75.03713607788086,38.44982456765289 -75.69494247436523,38.461116402409864 -75.73270797729492,39.000509457512536 -75.31591415405279,39.01064750994083</coordinates></LinearRing></outerBoundaryIs></Polygon></Placemark><Placemark><name>Western Md</name><ExtendedData><Data name="name"><value>Western Md</value></Data></ExtendedData><Polygon><outerBoundaryIs><LinearRing><coordinates>-76.82577788829796,39.2963969638391 -76.824511885643,39.30269022766041 -76.89253807067867,39.37942579958825 -76.8926882743835,39.382013160349544 -76.89165830612178,39.38420239069842 -76.88874006271357,39.384865780277195 -76.88642263412471,39.38559550153078 -76.88475966453552,39.39057067035076 -76.88360095024109,39.3935556013818 -76.88398718833919,39.394981690015854 -76.88518881797783,39.39667305967577 -76.88415884971619,39.399359268381716 -76.87995314598079,39.40396869411111 -76.8811547756195,39.405792483487716 -76.8837296962738,39.41020254068282 -76.88235640525818,39.41424761104801 -76.87870860099787,39.42064630044365 -76.88813924789424,39.423066377018856 -76.88959836959835,39.42538691947095 -76.8919157981873,39.428105170929484 -76.89706563949586,39.427906278076584 -76.89577817916862,39.43440315097937 -76.89406156539921,39.435397516842464 -76.8926882743835,39.435861549388115 -76.89311742782593,39.4377176486617 -76.89165830612178,39.43990513074364 -76.88788175582881,39.44083313269134 -76.89140081405635,39.444743862194926 -76.89037084579462,39.446202044107885 -76.88633680343618,39.4456055188339 -76.88307523727413,39.445075269856204 -76.87947034835811,39.44805786783815 -76.87736213207238,39.44936685661574 -76.8762463331222,39.45120602711832 -76.8781989812851,39.452862895883534 -76.88300549983978,39.45183564189389 -76.88630998134617,39.45135514692187 -76.89115941524514,39.45450315712124 -76.89238250255575,39.455596643143544 -76.89268290996552,39.45677294983921 -76.89143836498258,39.45720370506538 -76.88989341258998,39.45713743520409 -76.88688933849328,39.45664040923324 -76.88611686229706,39.45722027252091 -76.88809096813202,39.45907580258184 -76.89188897609708,39.46151111072383 -76.8910950422287,39.46187557127865 -76.88916385173799,39.46209093343676 -76.88694566488266,39.463084903992296 -76.88562601804733,39.46557805100805 -76.88466042280197,39.46661338481705 -76.88472479581837,39.46716003485453 -76.88629120588303,39.46751618332627 -76.88779592514042,39.46939628574507 -76.88307523727413,39.470853951336835 -76.88127279281615,39.47741306858976 -76.876037120819,39.47787682114824 -76.87535047531128,39.47880431698992 -76.87629461288446,39.481719223407204 -76.87440633773798,39.482514176683345 -76.86899900436401,39.483044140486136 -76.86753988265987,39.48503146877952 -76.8677973747253,39.488078595195496 -76.80936813354482,39.50774921888317 -76.75512313842769,39.513576482768386 -76.66317701339717,39.51205349506554 -76.66253060102459,39.51447867169301 -76.66201561689373,39.51620024740486 -76.66132897138596,39.519543955239435 -76.66112512350081,39.521224024902395 -76.66092127561569,39.523276468649144 -76.6606530547142,39.52566815116651 -76.66070669889446,39.526983955211776 -76.66125386953358,39.52895347693858 -76.66224092245093,39.53073261870618 -76.66364639997481,39.53289235279699 -76.6654166579246,39.53566432682961 -76.66591018438338,39.53683927943491 -76.66638225316996,39.53865958926737 -76.66645735502239,39.54081080297833 -76.66657537221904,39.54382239015865 -76.66668266057968,39.5473550470095 -76.66673228144641,39.54922885404909 -76.66661426424984,39.550887524017206 -76.6662709414959,39.552475839138815 -76.6657935082912,39.554250241934426 -76.66504114866252,39.55707512989426 -76.6648802161216,39.55808428599018 -76.66481584310532,39.55949046262407 -76.66493386030197,39.56059884058481 -76.66527718305582,39.56213730600912 -76.66572779417038,39.56330353931514 -76.66657537221904,39.56488329925402 -76.66775554418564,39.56633069168975 -76.66884988546367,39.56748031329614 -76.66995495557786,39.56859683402122 -76.67147845029827,39.57011858146471 -76.67232602834702,39.57115235823023 -76.67294830083839,39.572219199690025 -76.67367786169044,39.573881454827664 -76.67456835508342,39.574939984590515 -76.67693942785259,39.57687506752885 -76.67766898870468,39.578181631439676 -76.67802304029465,39.57941374825961 -76.67791575193405,39.58116678947241 -76.67740076780318,39.583548208387406 -76.67677849531168,39.585259802686345 -76.67576998472214,39.5872194022202 -76.674858033657,39.58903839016433 -76.67364567518234,39.591245915932284 -76.6725486516952,39.593288021332896 -76.67149722576137,39.59439585899516 -76.66862189769745,39.59543754093376 -76.66591823101044,39.59649574146673 -76.66480511426921,39.597099239219325 -76.66381806135178,39.597835003338886 -76.66305631399148,39.59866169527248 -76.66143625974655,39.60098464678704 -76.65933340787888,39.60397708870476 -76.65833562612528,39.60568817832081 -76.65801376104356,39.606886742483496 -76.6578957438469,39.60797783112965 -76.65813177824018,39.609614431861154 -76.6586896777153,39.610804662640206 -76.66007369756694,39.61233374854143 -76.66268080472938,39.614755420893225 -76.66374295949927,39.616061270483705 -76.66460126638411,39.61766462172992 -76.6658350825309,39.619920821144675 -76.66881769895554,39.62574692997042 -76.67077034711832,39.62938283440193 -76.67151063680645,39.63088672082888 -76.67191833257665,39.632027008526386 -76.67208999395363,39.63335732041875 -76.6720148921012,39.634662819019 -76.6712960600853,39.63662102072317 -76.66905373334886,39.640694233167864 -76.66730493307114,39.644577194087354 -76.66644662618633,39.646650771141445 -76.6652449965477,39.64968254279139 -76.66421502828602,39.65108686062779 -76.66304558515549,39.65198726117318 -76.66101783514023,39.65292069155985 -76.65822833776465,39.65418451969671 -76.65541738271709,39.65540702427464 -76.65384024381638,39.65635692844526 -76.65240257978428,39.65776937050964 -76.65142625570297,39.659123966192865 -76.65080398321152,39.66059416804757 -76.65029972791672,39.66184959656009 -76.64982765913012,39.6629480778002 -76.64877623319617,39.66535971972267 -76.64717763662334,39.669224778483176 -76.64564341306685,39.672800591141126 -76.6448494791985,39.67496415695883 -76.64455980062485,39.67631015798713 -76.6444525122642,39.677879083134826 -76.64449542760849,39.67948100151354 -76.64493530988689,39.68411314403916 -76.64488166570663,39.685813995385885 -76.64449542760849,39.68814227735536 -76.64395898580555,39.689900821263734 -76.64178103208533,39.69591916070947 -76.64081543684006,39.69885796706682 -76.64076179265967,39.70073180353956 -76.64114803075788,39.702201119897644 -76.64244621992107,39.704421544244546 -76.64739221334455,39.711074135152245 -76.65250986814495,39.71801492641798 -76.6562756896019,39.72320562055392 -76.65778845548621,39.72559040308189 -76.65883988142006,39.72804111441533 -76.65925227105618,39.72936751527679 -76.65950171649443,39.730514429196425 -76.65956374257803,39.730926983494115 -76.65970187634225,39.73186759806105 -76.65994428098202,39.733662156040225 -76.66013471782205,39.73506064124685 -76.66030637919899,39.73634152979243 -76.66064970195293,39.73887642262113 -76.66093669831757,39.740990480812 -76.66125588119034,39.743296277167126 -76.66165284812448,39.74628668524318 -76.66239112615575,39.75190830107047 -76.66320651769634,39.757632556546284 -76.66396826505661,39.76028007000076 -76.66632860898967,39.76738908847968 -76.66781991720202,39.77197409847855 -76.66913688182831,39.77542914704415 -76.67055308818817,39.77810071247348 -76.6725915670394,39.781283368018876 -76.67375028133391,39.78322916781462 -76.67411506175995,39.784284493842385 -76.67441546916962,39.78623020877363 -76.67540520429607,39.79288314872238 -76.67589873075472,39.79593322824918 -76.676284968853,39.797639565091124 -76.67729347944262,39.80140654531823 -76.67804449796672,39.804077102137285 -76.67903155088415,39.807612957599424 -76.68100565671921,39.814461614887506 -76.68273299932471,39.82049380190915 -76.68406337499619,39.825149431204395 -76.68494313955303,39.82915384403416 -76.68599456548687,39.83386655765079 -76.68671339750286,39.83715373113734 -76.68774336576458,39.842113028464155 -76.68970942497253,39.85042440298863 -76.69134020805355,39.85694759170573 -76.69206976890568,39.859220678470024 -76.69340014457703,39.8606372017068 -76.69528841972347,39.86241604993565 -76.69709086418148,39.8643595536167 -76.69811949133877,39.86600654754002 -76.69904753565784,39.86776878725289 -76.69966444373132,39.86974095979536 -76.69990584254265,39.872145369032246 -76.69980928301815,39.87425739185956 -76.6992835700512,39.8764352186361 -77.2390365600586,39.90552253972855 -77.42214091122146,39.65110080040455 -77.41997444070871,39.64812246453607 -77.41855898872014,39.64676319999264 -77.41684388369318,39.64589513092782 -77.41573110222812,39.64505118954386 -77.41500910604368,39.64456059063371 -77.41428710985925,39.643772575488576 -77.41391600109633,39.642659170312044 -77.41313086822625,39.640432306179434 -77.41241890937086,39.640010303439645 -77.4114670604467,39.63969505835455 -77.41106539964672,39.639262852683665 -77.41057489067312,39.63731995930426 -77.41060858592387,39.63486124955071 -77.41265930235382,39.633922798509566 -77.41528317332263,39.6318875721807 -77.4167543649673,39.62999844021545 -77.41800427436824,39.626804667329466 -77.41827383637424,39.62340311643718 -77.41717010736461,39.62023279897517 -77.41762340068813,39.61792495618523 -77.42110490798946,39.61344128156282 -77.42687702178951,39.604068017235996 -77.42917835712429,39.6010631793735 -77.4309647083282,39.59792593993458 -77.4324774742126,39.59211402477394 -77.43433356285091,39.586566208533156 -77.43584632873531,39.5808856443388 -77.43304610252376,39.57287252860273 -77.43110418319698,39.564990820873774 -77.42962360382076,39.55240138767978 -77.42631912231441,39.54522058264058 -77.42438793182369,39.538039034460255 -77.42348670959468,39.532644110916614 -77.42185592651363,39.528936926568576 -77.42116928100582,39.52748047856068 -77.41919517517086,39.52489851837592 -77.41284370422359,39.51754933701487 -77.40606307983394,39.510133158636016 -77.39810908853538,39.49912543136089 -77.3978798591997,39.488380921605554 -77.3970498150447,39.48439196136807 -77.39656309364359,39.480535267666745 -77.39770611282434,39.47690004518972 -77.39982048980887,39.47373690498671 -77.4013026617467,39.470723119850526 -77.40203540772195,39.46694805317644 -77.40105153992768,39.460720965076355 -77.39938102662559,39.4540956842156 -77.40488693118091,39.43991859514595 -77.41813033819194,39.42972322606407 -77.43088424205776,39.422324615903364 -77.4321153759956,39.420992326814606 -77.43321776390071,39.41959370667087 -77.43398487567897,39.417873883431305 -77.4344944953918,39.416154017759936 -77.43597507476807,39.41136303569495 -77.43591070175172,39.41028543382422 -77.43550300598149,39.40920781529948 -77.43447303771977,39.40773227984513 -77.4337220191956,39.40694476218921 -77.43309974670412,39.406057757969386 -77.43610382080078,39.404432935932014 -77.4392587901093,39.401189039857066 -77.44052548427135,39.399006204174874 -77.44814364938065,39.39247872839101 -77.45438852347434,39.38767539845565 -77.48331623151898,39.37350151217624 -77.49653968960047,39.36983275808772 -77.49903984367847,39.36833409888108 -77.50198021531105,39.36613296586099 -77.50250894576311,39.365677282222606 -77.50294111669064,39.36527965823414 -77.50363379716873,39.36436827684867 -77.50418230891228,39.36367358680398 -77.50421583652496,39.362713451576845 -77.50452160835266,39.360067308644645 -77.50530481338502,39.35178813258851 -77.50691413879399,39.344387477560915 -77.50941352802333,39.33423366468767 -77.51156959449877,39.324875129078954 -77.51359691494149,39.316179383042346 -77.5147822365398,39.311100612727266 -77.51533198199472,39.30922519731763 -77.51605338882659,39.30734973164594 -77.51951794372876,39.3028138913333 -77.52572908066217,39.29452487721115 -77.52854904625569,39.29079889607818 -77.53063945099716,39.286923245638 -77.53173035569493,39.28564880393918 -77.53307875245814,39.28424147080047 -77.53598324954514,39.28253167788361 -77.53767237067227,39.28137085820782 -77.53838986158375,39.28064368168968 -77.539064437151,39.279916497622786 -77.53956735134129,39.279122866996396 -77.54010111093525,39.2777681203013 -77.54046320915224,39.27647978898834 -77.5408548116684,39.2758081032354 -77.54133224487305,39.27513641104291 -77.54270553588867,39.274166754387224 -77.54761578049506,39.27181717601758 -77.54840615205462,39.27083799955343 -77.5472403131425,39.26954408998616 -77.54525195807214,39.26801940038782 -77.5443651527166,39.266697664415396 -77.54413649439807,39.260731372376995 -77.54407949745651,39.25881864567968 -77.54367917776104,39.25690586679423 -77.53787219524379,39.25384032730207 -77.5314080715179,39.25096574303592 -77.53041028976436,39.25013491638363 -77.52987384796138,39.2490714439052 -77.53142952919002,39.24209200558071 -77.53268480300903,39.23604259724886 -77.53176212310792,39.23212017464643 -77.53314815461636,39.22918184977408 -77.5350920855999,39.224980096370196 -77.5336155295372,39.2198674247206 -77.53422439098358,39.21752135158434 -77.53758788108826,39.20291949224706 -77.53830671310425,39.197124460160545 -77.53799557685852,39.19545320715461 -77.53751277923584,39.193914954081585 -77.53498077392578,39.18729592426148 -77.53515536896884,39.18234787546322 -77.53584494814277,39.17992777854492 -77.53722410649061,39.176684219035586 -77.53757916390896,39.17445522472933 -77.53640100359917,39.170396277501155 -77.53610461950302,39.16653673334675 -77.53619849681854,39.16294317425955 -77.53793120384216,39.159083221121136 -77.54259824752808,39.14710270770072 -77.51931667327882,39.14603767446419 -77.51536846160889,39.16613745806991 -77.51004695892334,39.171993268300525 -77.49562740325929,39.18104219778427 -77.47502803802483,39.19048910190641 -77.46798992156982,39.19993473628087 -77.46850490570073,39.20525566122042 -77.46627330780032,39.21164023911102 -77.45477199554439,39.2204180859737 -77.45494365692139,39.224806597868486 -77.45957851409904,39.231854239753524 -77.38829612731934,39.279041894366785 -77.33679771423336,39.30162755262811 -77.25756525993351,39.321516825265675 -77.20889925956726,39.32682852898 -77.17130541801448,39.32726008718713 -77.13426947593693,39.32762524974392 -77.09624648094182,39.32799041039391 -77.04341769218445,39.328587941890184 -77.02178835868827,39.32885350980522 -77.00544297695151,39.32267879492302 -77.00231015682213,39.32204801378988 -76.99246108531958,39.32143382669437 -76.98156058788302,39.318346209868025 -76.97233378887177,39.315026039719754 -76.96664750576019,39.31280143756942 -76.95954501628871,39.30976324724292 -76.95403039455408,39.30894972033976 -76.9474858045578,39.308202595465005 -76.93894565105438,39.307339241231205 -76.92246615886684,39.305579293846804 -76.91776692867283,39.30496496216956 -76.91042840480809,39.3025241857501 -76.90671622753139,39.30207587062486 -76.9034332036972,39.30260720675451 -76.89899146556854,39.30408496415653 -76.89673840999599,39.30483213298985 -76.88982903957367,39.305745328509616 -76.88369214534762,39.30538005173146 -76.87813460826874,39.30428420995863 -76.87068879604335,39.301146022692606 -76.86296403408048,39.297991089445254 -76.85826480388637,39.29656302028336 -76.85178458690639,39.29584897477852 -76.843780875206,39.29588218635886 -76.83236539363857,39.29636375250299 -76.82577788829796,39.2963969638391</coordinates></LinearRing></outerBoundaryIs></Polygon></Placemark><Placemark><name>PG3 EXTENDED</name><ExtendedData><Data name="name"><value>PG3 EXTENDED</value></Data></ExtendedData><Polygon><outerBoundaryIs><LinearRing><coordinates>-77.24813459208235,38.35131891083086 -77.22410199930894,38.231947003054444 -77.16608045389873,38.195260714091205 -77.0421409397386,38.192832292580036 -76.96935651591049,38.2160338989558 -76.93502424051988,38.24057638314427 -76.93536756327376,38.26187578008352 -76.9652366428636,38.29260061419242 -76.99201581766826,38.32735250734404 -76.99750898173082,38.35158815121956 -77.00609205057845,38.381198482145244 -77.01913833618158,38.399227961454024 -77.03561782836914,38.40918259472681 -77.06583023071288,38.400573262283466 -77.1533775329589,38.3645105454763 -77.21105575561528,38.344856874064796 -77.24813459208235,38.35131891083086</coordinates></LinearRing></outerBoundaryIs></Polygon></Placemark><Placemark><name>va2</name><ExtendedData><Data name="name"><value>va2</value></Data></ExtendedData><Polygon><outerBoundaryIs><LinearRing><coordinates>-77.24873542785645,38.3505264830992 -77.63111114501959,38.392739620799944 -77.69599914550781,38.20353280635874 -77.86697387695307,38.334948680781245 -78.05374145507812,38.59731012262832 -78.10043334960938,38.740987550246736 -78.11141967773438,38.88437648681937 -78.05923461914062,39.0210753275931 -77.98507690429688,39.117033768199505 -77.96276092529297,39.14810727201086 -77.95331954956055,39.15825436163129 -77.51935958862305,39.1462737070848 -77.52011060714722,39.14194002430926 -77.51809358596802,39.127293330702564 -77.50877022710478,39.119920785006045 -77.49915719032288,39.117024074405144 -77.4920761585235,39.11484313592986 -77.48265624046326,39.11196286183551 -77.47793555259705,39.104903191062846 -77.47169137001038,39.095461454952876 -77.4707043170929,39.09382942038228 -77.45999693870544,39.08371994845708 -77.45250821113586,39.07665745354924 -77.4371874332428,39.0737423107398 -77.42163062095642,39.07071042600845 -77.41390585899353,39.06922775363598 -77.38756656646729,39.06697303498324 -77.36739639658475,39.065240379198215 -77.33982326695696,39.06567732172035 -77.31197118759155,39.056780169658 -77.29931116104126,39.05271443852863 -77.2795701026916,39.04278240617826 -77.2464394569397,39.02654819303624 -77.24128963658586,39.0239810458204 -77.25197553634644,39.00223990680343 -77.24369287490845,38.98456197064214 -77.23313567927107,38.97995832806311 -77.23008868983015,38.9805921829236 -77.22807166865095,38.97962471796258 -77.53822086146101,39.00444101726669 -77.46838955237763,38.838440523550766 -77.66772328235675,38.83376744974612 -77.83842443372123,38.82656013142456 -77.47903525305446,38.595378043139554 -77.4984678599867,38.48380690700869 -77.50955745446845,38.4225771454693 -77.49180793762207,38.381752032505226</coordinates></LinearRing></outerBoundaryIs></Polygon></Placemark><Placemark><name>PG3-B</name><ExtendedData><Data name="name"><value>PG3-B</value></Data></ExtendedData><Polygon><outerBoundaryIs><LinearRing><coordinates>-76.69477343559265,38.72492748292166 -76.6966187953949,38.719034625750595 -76.6988933086395,38.715384828496425 -76.70142531394958,38.71183530562529 -76.70189738273618,38.710160941206645 -76.69503092765805,38.70255883358499 -76.69490218162537,38.69720003422177 -76.69923663139343,38.69113740840578 -76.6917264461517,38.6828632723358 -76.68687701225275,38.680551703022495 -76.69168353080752,38.67100312563233 -76.70000910758968,38.66962936583786 -76.70103907585144,38.66805453559576 -76.69820666313171,38.66470371769727 -76.68460249900821,38.66265964177895 -76.68280005455011,38.660548485730146 -76.68404459953308,38.656091396364026 -76.6922843456268,38.647813208846024 -76.69297099113462,38.63836082935649 -76.68923735618586,38.63155568512004 -76.6769206523895,38.62558808125459 -76.67267203330988,38.6173734321939 -76.67395949363708,38.603221912304456 -76.67520403861997,38.59165046809639 -76.68151259422301,38.58111715540504 -76.67653441429135,38.56373716731236 -76.67280077934265,38.55400522242773 -76.67006492614746,38.51540005595223 -76.65633201599115,38.467030467644115 -76.5622615814209,38.39898944383573 -76.49771690368651,38.36992473978624 -76.4853572845459,38.340579077542834 -76.48776054382324,38.325497782472105 -76.47059440612793,38.32442042700653 -76.45789146423343,38.30583352479705 -76.36416435241698,38.320110845015385 -76.33017539978025,38.350272538257634 -76.501579284668,38.61472442637689 -76.52080535888666,38.73051855149164 -76.53486013412473,38.73132202239381 -76.54455900192266,38.72824200152791 -76.67030096054074,38.734268005053316 -76.69477343559265,38.72492748292166</coordinates></LinearRing></outerBoundaryIs></Polygon></Placemark><Placemark><name>PG3-A</name><ExtendedData><Data name="name"><value>PG3-A</value></Data></ExtendedData><Polygon><outerBoundaryIs><LinearRing><coordinates>-77.0494794845581,38.7038649800634 -77.08587169647214,38.69810435977663 -77.11144924163821,38.68671572193192 -77.1184873580932,38.668088042982866 -77.12638378143308,38.63645009054217 -77.14269161224365,38.62692915909734 -77.20517635345452,38.60882249206388 -77.22989559173584,38.58641755046199 -77.24088191986084,38.56830066000951 -77.2870588302612,38.48006658022441 -77.29203701019284,38.4178214392145 -77.26439952850342,38.36736756347065 -77.23744869232178,38.35215722718963 -77.20620632171632,38.35054178253674 -77.12071895599362,38.38244014132493 -77.08913326263428,38.398182248657655 -77.07042217254633,38.41028922995159 -77.04192638397222,38.41553495869224 -77.01343059539796,38.40625379485267 -76.99918270111087,38.3785377215218 -76.99351787567139,38.35915707091177 -76.98510646820071,38.33061500225142 -76.86962127685547,38.231707967449246 -76.74465179443362,38.190704293996504 -76.62517547607416,38.17775096662561 -76.35326385498047,38.024295124444 -76.31206512451169,38.02645871146125 -76.2832260131836,38.03835729798083 -76.2832260131836,38.07512252602564 -76.30931854248041,38.31364599165793 -76.33021831512448,38.34959942318039 -76.36386394500737,38.31997616644989 -76.45707607269284,38.30583352479705 -76.47063732147217,38.324151085638086 -76.48746013641355,38.325497782472105 -76.4850568771362,38.34071371782533 -76.49758815765378,38.36979015381179 -76.56230449676514,38.398854911931934 -76.65620326995852,38.46716487258157 -76.67027950286862,38.5160716271523 -76.67268276214597,38.55380385793127 -76.68143749237058,38.58078167420017 -76.67491436004639,38.59205298442533 -76.67268276214597,38.61807758183864 -76.67748928070068,38.626526838378105 -76.6891622543335,38.631488636150266 -76.69328212738034,38.6383273080619 -76.69208049774167,38.64838299329522 -76.68384075164795,38.65575626565176 -76.68246746063231,38.66085008326172 -76.68487071990964,38.66299474019032 -76.69826030731204,38.66487126231639 -76.7010068893433,38.66781998344699 -76.70066356658936,38.67036650851719 -76.69156551361084,38.670634558518806 -76.68693065643306,38.680551703022495 -76.69105052947998,38.682695769822345 -76.69911861419678,38.690869435186464 -76.69482707977296,38.69716654046311 -76.6951704025268,38.702793271889156 -76.70220851898188,38.710696742087286 -76.69431209564209,38.72542969259408 -76.8179672956467,38.70453478951588 -76.83055758476257,38.709390720405416 -76.84926867485046,38.710663254649894 -76.92999243736267,38.70249185107118 -76.94496989250183,38.70172154765304 -76.99728906154638,38.69671437318616 -77.0494794845581,38.7038649800634</coordinates></LinearRing></outerBoundaryIs></Polygon></Placemark><Placemark><name>TX - CITY WEST A (DAVID)</name><ExtendedData><Data name="name"><value>TX - CITY WEST A (DAVID)</value></Data></ExtendedData><Polygon><outerBoundaryIs><LinearRing><coordinates>-95.36665499210358,29.846199623489387 -95.36781370639801,29.846178685412614 -95.36895900964737,29.846143788608245 -95.37054419517517,29.845778534657473 -95.37197381258011,29.845639528423956 -95.37344634532928,29.8456121924473 -95.37633776664734,29.845604049814508 -95.38092970848083,29.84557147927671 -95.3832095861435,29.84553658226016 -95.38445144891739,29.84551448081002 -95.38551092147827,29.84549703229335 -95.38917750120163,29.84549935876241 -95.39100274443626,29.84552843962123 -95.39282530546188,29.845541235196396 -95.39680168032646,29.845451666135606 -95.39876841008663,29.845285904999493 -95.4008424282074,29.845231814463922 -95.40218889713287,29.84545980878079 -95.40301233530045,29.845871593115675 -95.40359571576118,29.846300824131795 -95.40429510176182,29.846813223511543 -95.40497738867998,29.84708803367341 -95.40609100833535,29.84715099272043 -95.4101346898824,29.847159207928012 -95.41190440300852,29.847154009809994 -95.41377067565918,29.847018531492257 -95.41765451431274,29.84700457288936 -95.42157053947449,29.84700922575723 -95.42860329151154,29.846995267153083 -95.43553948402405,29.846916168359197 -95.44333934783936,29.846897556869216 -95.446697473526,29.846655607183287 -95.45002341270447,29.846525326340306 -95.45346200466156,29.846469491641347 -95.45510619878769,29.84639504532743 -95.4570722579956,29.845985589608862 -95.45864939689636,29.84588322541688 -95.4598805308342,29.846141462154197 -95.46109020709991,29.846548590789062 -95.46315550804138,29.847856044094215 -95.4644376039505,29.84849347953332 -95.46576529741287,29.84882150129386 -95.46700850129128,29.848920372889737 -95.47008700668812,29.848918628097717 -95.4733157157898,29.848893619408752 -95.47504305839539,29.84902157077473 -95.47657191753387,29.849411239833785 -95.47759383916855,29.849857321800073 -95.47878071665764,29.85029438713912 -95.48014663159847,29.850536182610792 -95.48174154013395,29.850596595037956 -95.48361003398895,29.850573258833975 -95.4878506064415,29.85052207910261 -95.49218103289604,29.85053371086206 -95.50009489059448,29.850624438539 -95.50219237804413,29.850986185251795 -95.50320893526077,29.851325248906697 -95.50428986549377,29.851515426473235 -95.50724565982819,29.851681758849107 -95.51110535860062,29.851011193416607 -95.51694989204407,29.850871031295725 -95.52417576313019,29.850875683983396 -95.52544847130775,29.850869868123777 -95.52628330886364,29.8509437295158 -95.52727907896042,29.851110644428736 -95.52829965949059,29.850935005732158 -95.5293195694685,29.850414485263748 -95.52998509258032,29.850093738618217 -95.53378343582153,29.850024238529254 -95.5519151687622,29.850173125689892 -95.55955410003662,29.85021034744544 -95.56368470191956,29.850210347445387 -95.56386709213257,29.867130850666346 -95.5636203289032,29.867861200979114 -95.56247234344482,29.869973139315718 -95.56194126605988,29.870642995880672 -95.56117415428162,29.871238420162403 -95.56016564369202,29.871850121875788 -95.55903911590576,29.8723548311116 -95.55200099945068,29.87503416641113 -95.5501127243042,29.87682034995948 -95.54908275604248,29.8786065015187 -95.54877161979675,29.880848448561938 -95.54908275604248,29.886792620160666 -95.5494475364685,29.888578593092635 -95.54953336715698,29.89869850195633 -95.55063843727112,29.901488737264206 -95.55483341217041,29.905887849545817 -95.55579900741577,29.90822218330225 -95.55597066879272,29.917596167863042 -95.55588483810425,29.921687709867594 -95.554940700531,29.92406816602086 -95.5520224571228,29.926671724759167 -95.52893400192261,29.935895213372444 -95.52532911300659,29.93656462684997 -95.5022406578064,29.937085278663098 -95.44318914413452,29.937977818289557 -95.43855428695679,29.93790344029319 -95.43391942977905,29.937457171147216 -95.4323959350586,29.937671008696114 -95.42664527893066,29.93913996726067 -95.42104482650757,29.940581013130505 -95.41410863399506,29.940608904135015 -95.4098305106163,29.94075765602672 -95.40278300642967,29.940576364629027 -95.39604060351849,29.939035374409194 -95.3940867818892,29.93862223157086 -95.3918969258666,29.938599569677777 -95.38668153807521,29.938716365533036 -95.38131594657887,29.938758783894286 -95.37856936454762,29.92834540512948 -95.37817776203144,29.925779083720567 -95.37763595581043,29.92319409889045 -95.37714779376972,29.921436642814324 -95.37660598754871,29.919511774370843 -95.37599444389332,29.91746597967552 -95.37593007087696,29.91517835946419 -95.37410616874683,29.90736657728008 -95.3720462322234,29.89981460545568 -95.36719679832447,29.879797251452576 -95.36299109458912,29.8632371094109 -95.3610599040984,29.85575623393261 -95.35880416631686,29.84654161145496 -95.35880416631686,29.8465407390382 -95.35880148410784,29.84653928501022 -95.3588122129439,29.846520673449966 -95.35882562398898,29.846516602170695 -95.35913607689989,29.84647829663758 -95.35923331975924,29.84646018585515 -95.35905830562102,29.846489557239906 -95.35941503942,29.846431105267644 -95.35923331975924,29.84646018585515 -95.35923298448311,29.846459604243474 -95.35930372774588,29.846449426038788 -95.3596259281038,29.846411621269354 -95.35905897617327,29.846490429657123 -95.35893559455859,29.846506714777504 -95.35962525755154,29.8464113304633 -95.35923331975924,29.846459895049303 -95.35913340747344,29.84647908823245 -95.35897046327578,29.846504388331876 -95.35962492227542,29.8464113304633 -95.35905830562102,29.846490429657123 -95.35893525928246,29.84650613316606 -95.35893525928246,29.846506714777455 -95.3589694574474,29.846503806720534 -95.3589694574474,29.846504097526257 -95.35905914381134,29.846489702642806 -95.35913374274956,29.846478506620905 -95.35893458873021,29.84650613316601 -95.3589682168455,29.846503959983117 -95.35905763506877,29.846490429657123 -95.35905830562102,29.846490429657123 -95.35930439829814,29.84644942603874 -95.35941470414387,29.846431396073594 -95.35941503942,29.846431396073594 -95.35941470414387,29.846431977685473 -95.35930406302201,29.846448844427016 -95.35930372774588,29.846449135232866 -95.35930439829814,29.846448553621165 -95.35952635109412,29.84641423852315 -95.35962508991348,29.846411330463432 -95.35962492227542,29.846411621269382 -95.35962508991348,29.84641133046338 -95.35952568054186,29.84641423852305 -95.35952601581806,29.8464142385231 -95.35962458699936,29.846411621269255 -95.35972575488235,29.84640384944397 -95.35974846815165,29.84640945469398 -95.35982541064618,29.846417175521665 -95.35987436771387,29.84640900401549 -95.35991393029684,29.84641307529911 -95.35995483398432,29.84640900401549 -95.36006748676294,29.846432268491295 -95.36021098494524,29.8464034787017 -95.36024183034891,29.846402606283668 -95.36028206348414,29.84639155565507 -95.36071121692657,29.846334557656512 -95.36244392395014,29.846301987357 -95.36404788494104,29.846236846726075 -95.36561965942377,29.846204276394655</coordinates></LinearRing></outerBoundaryIs></Polygon></Placemark><Placemark><name>NORTH WEST</name><ExtendedData><Data name="name"><value>NORTH WEST</value></Data></ExtendedData><Polygon><outerBoundaryIs><LinearRing><coordinates>-76.86777055263519,39.488012354736696 -76.86862885951996,39.48340848825797 -76.87616050243378,39.48170266178399 -76.87586009502411,39.47790994621272 -76.88131034374237,39.47729712996702 -76.88317716121674,39.47075456601659 -76.88787639141083,39.469363156626706 -76.88433587551117,39.46658025437374 -76.88637435436249,39.46437704449221 -76.88794076442719,39.462223463664365 -76.89027965068817,39.46180930586521 -76.8921035528183,39.46159394283569 -76.88555896282196,39.45702146279499 -76.88618123531342,39.45629248894228 -76.89263999462128,39.4569054901927 -76.8912023305893,39.45412208977479 -76.88731849193573,39.45196819164744 -76.88319861888885,39.45080837274766 -76.87869250774384,39.452481819559026 -76.87686860561371,39.452398976603774 -76.87611758708954,39.450377577949865 -76.87837064266205,39.44853838556443 -76.88304841518402,39.44512498086937 -76.8905371427536,39.446235184251044 -76.89145982265472,39.444578157772895 -76.88783347606659,39.440998846023824 -76.89150273799896,39.439938273883236 -76.89326226711273,39.437618216025776 -76.8925541639328,39.43567925125667 -76.89583718776703,39.434370005206176 -76.89695298671722,39.42783998033282 -76.89184606075287,39.42807202216007 -76.88987195491791,39.42563554443657 -76.88804805278778,39.42288404540939 -76.87860667705536,39.42059657196175 -76.88359022140503,39.40987096713173 -76.88007116317749,39.403637090918494 -76.88565015792847,39.39534649870506 -76.88307523727417,39.39295862539141 -76.88659429550171,39.385794515093885 -76.8914008140564,39.38400337259518 -76.89277410507202,39.381615111090326 -76.89251661300659,39.37882870271569 -76.82446897029877,39.302673623487145 -76.82575106620789,39.29638035817298 -76.81819796562195,39.29661283713982 -76.8139922618866,39.29661283713982 -76.80725455284119,39.29734348029556 -76.80301129817963,39.2993028947491 -76.80150926113129,39.30084714037692 -76.80013597011566,39.30254078995889 -76.79809749126434,39.303902321673064 -76.79528653621674,39.30501477304697 -76.79189622402191,39.30626003346111 -76.78820550441742,39.30705698849844 -76.78586527705193,39.30727697969686 -76.77420973777771,39.291664189607964 -76.78618311882019,39.27837750002578 -76.7889055609703,39.27155878896473 -76.7773425579071,39.26445698985145 -76.77689731121063,39.26480586696643 -76.77423655986786,39.26500522453817 -76.77187621593475,39.26510490311141 -76.76872193813324,39.26472280114419 -76.76649034023285,39.26458989562382 -76.76421582698822,39.26523780765519 -76.7610615491867,39.266616677425915 -76.75889432430267,39.26751375885532 -76.75754249095917,39.26799552006894 -76.75552546977997,39.268061969631624 -76.75149142742157,39.268244705604104 -76.74822986125946,39.26849389025323 -76.74601972103119,39.26887597166101 -76.74241483211517,39.269640128227195 -76.73889577388763,39.270404276460724 -76.7322438955307,39.27189932499142 -76.72653615474701,39.27317839674849 -76.72411143779755,39.273660119019866 -76.72526210546494,39.276508857159854 -76.72580927610397,39.2781366555211 -76.72646373510361,39.27906680903202 -76.72739714384079,39.27983085446272 -76.72947853803635,39.28103503958322 -76.73431724309921,39.28365926096007 -76.73583000898361,39.284506298769834 -76.73786848783493,39.2856771871101 -76.73887699842453,39.286482680489726 -76.74015372991562,39.287769789856874 -76.7410871386528,39.28913160885136 -76.74178451299667,39.29051000842601 -76.7421492934227,39.29192159432742 -76.7426535487175,39.295807460280955 -76.74301832914352,39.29868850798361 -76.74349710345268,39.30248267521102 -76.74386724829674,39.30557929384681 -76.74423202872276,39.30845578867723 -76.74461826682091,39.31207925673857 -76.74473628401756,39.314951334078906 -76.74469873309135,39.31813040359652 -76.74466721713543,39.33046556839701 -76.7446806281805,39.33240538371587 -76.74465984106064,39.33698603880833 -76.74474567174911,39.34099386582538 -76.74498170614243,39.34349967818017 -76.7455181479454,39.34939047256162 -76.74593791365623,39.35394927467114 -76.74627050757408,39.35759942043067 -76.74656555056572,39.36083876505571 -76.74707517027855,39.36382911502618 -76.74781009554863,39.36624286863698 -76.74819096922874,39.36756583565207 -76.74826070666313,39.36885560068335 -76.74803003668785,39.37009143035818 -76.74770280718803,39.370854482054625 -76.74728438258171,39.371625819316264 -76.74556776881218,39.37488939396636 -76.74407109618187,39.37773401185084 -76.7435185611248,39.37869186729638 -76.74255833029747,39.37958336596676 -76.74227938055992,39.37981556840263 -76.74120649695396,39.38032972819033 -76.73802003264427,39.381557062050376 -76.73641607165337,39.38248584089649 -76.73410937190056,39.38459213284005 -76.73306867480278,39.38551672517194 -76.73166319727898,39.386549103031896 -76.72959253191948,39.387618779644164 -76.72711417078972,39.38856406160774 -76.72428578138351,39.38940982935268 -76.72170013189316,39.38994879364632 -76.71837419271469,39.39028875359819 -76.71444743871689,39.39054579538903 -76.71203345060349,39.390902335660265 -76.70894354581833,39.39164857684251 -76.7045447230339,39.393414649178034 -76.7017874121666,39.39435156142324 -76.6981503367424,39.395064601249096 -76.69351547956467,39.39527187890109 -76.69100493192673,39.395329916533285 -76.68879479169846,39.39564497712275 -76.68759316205978,39.39604294635991 -76.68584436178207,39.39689691435208 -76.68339818716049,39.39854678406774 -76.68056577444077,39.400495072427965 -76.67728275060654,39.40284952701723 -76.67513698339462,39.40425884561128 -76.67389243841171,39.40486401485575 -76.67050212621689,39.40595828015699 -76.66969746351242,39.406298162096675 -76.6672083735466,39.40833741894852 -76.66375368833542,39.41152881911996 -76.66033253073692,39.414711784440016 -76.65805265307426,39.41663475556961 -76.65536507964134,39.418188842186375 -76.65381476283073,39.41901767421545 -76.65122911334038,39.4200702766868 -76.64864882826805,39.42073746923502 -76.64644941687584,39.4209115184147 -76.64389595389366,39.42070846099615 -76.6416697204113,39.420215319088356 -76.63765177130699,39.41938650129985 -76.63354262709618,39.41842091614789 -76.63193866610527,39.41792775805611 -76.62803672254086,39.4163736656188 -76.62605188786983,39.415561379518415 -76.62004575133324,39.41316176479272 -76.61892995238304,39.412892372836275 -76.61719188094139,39.41280948279413 -76.6151587665081,39.41313689788649 -76.61211177706718,39.41380001235036 -76.61082431674004,39.41392434561018 -76.60122334957123,39.41297111828504 -76.60025775432587,39.41297111828504 -76.6003006696701,39.414247611048026 -76.598841547966,39.418541097002894 -76.5972751379013,39.423480765266426 -76.5955102443695,39.429298516125186 -76.5960681438446,39.43079016888049 -76.59666895866394,39.43158570395965 -76.59696936607361,39.43854624844164 -76.5968406200409,39.44315308346787 -76.59628808498383,39.44461129868885 -76.59354150295258,39.449350287291324 -76.5925544500351,39.451123182645084 -76.5923398733139,39.45471854209007 -76.59199655056,39.45579545693864 -76.59107387065887,39.457766996339345 -76.5900868177414,39.45977161360271 -76.58937871456146,39.46103068253094 -76.58789813518524,39.46204123453636 -76.58671796321869,39.46250508956009 -76.58450782299042,39.46243882474595 -76.58322036266327,39.46224002992506 -76.57667577266693,39.4638303725932 -76.57622516155243,39.464476438921565 -76.5748518705368,39.46540411341688 -76.5744012594223,39.466431167183586 -76.57476603984833,39.46745820579228 -76.57568871974945,39.468369275741374 -76.57616078853607,39.46947910847194 -76.5760749578476,39.47029076597824 -76.57628953456879,39.47113554230668 -76.57594621181488,39.471963744436245 -76.57493770122528,39.47322259279189 -76.5745085477829,39.473967952792684 -76.57448709011078,39.47517707536482 -76.57465875148773,39.475922414425504 -76.57401502132416,39.47741306858974 -76.57305881381035,39.478721505364 -76.57199129462242,39.481151985566754 -76.57066091895103,39.48333810304173 -76.56842932105064,39.48603339192716 -76.56765148043633,39.48798337451614 -76.56704127788544,39.4906784833592 -76.56719148159027,39.49307956760344 -76.56804978847504,39.49508316753626 -76.56931579113007,39.496291923038875 -76.57004535198212,39.496871455893995 -76.57131135463715,39.50319632891447 -76.57062470912933,39.504438055761206 -76.56922996044159,39.50627577077709 -76.56794250011444,39.50715322116501 -76.56317889690399,39.5093550761803 -76.56197726726532,39.51021593285261 -76.55916631221771,39.51841009215391 -76.55931651592255,39.519601889352636 -76.55895173549652,39.522184046463316 -76.55729949474335,39.525312300506336 -76.55483186244965,39.52865556967509 -76.55178487300873,39.53153528634709 -76.54800832271576,39.53419974538561 -76.5463775396347,39.53496100061398 -76.54199481010437,39.53757568325315 -76.53804659843445,39.539726930557826 -76.53229594230652,39.5425069052398 -76.52993559837341,39.54512130363018 -76.52731776237488,39.55034980492996 -76.52547240257263,39.55465144093748 -76.5234124660492,39.56341933445959 -76.52221083641052,39.5681171458385 -76.51839137077332,39.5742370564728 -76.51577353477478,39.57850413393155 -76.51234030723572,39.58396164083449 -76.50980830192566,39.58726901161574 -76.5092933177948,39.58965022083107 -76.50929868221283,39.590295117576915 -76.51028573513031,39.592147095371885 -76.51187360286713,39.59484229602979 -76.51268899440765,39.59753739182735 -76.51283919811249,39.600563049274314 -76.51243150234222,39.60322485718517 -76.51245296001434,39.60444826252753 -76.51401937007904,39.60777118687252 -76.51582181453705,39.611672526350276 -76.51633679866791,39.61334210022357 -76.51909679174423,39.61322638848146 -76.52209013700485,39.6136396438151 -76.52328103780746,39.61351566747404 -76.53169244527817,39.6122510961129 -76.53887003660202,39.61421819713764 -76.54301136732101,39.61649930311971 -76.54548972845078,39.61799520499745 -76.54623001813889,39.61881339179453 -76.54823631048203,39.621367064136564 -76.55099362134933,39.624606538766905 -76.55238032341003,39.628399506370776 -76.555255651474,39.636001342635296 -76.55409693717957,39.63986804314101 -76.55285239219666,39.64667555455488 -76.55199944972992,39.6504425301032 -76.54991805553436,39.653300668461526 -76.54801100492477,39.6552666025506 -76.54620856046677,39.65698468403725 -76.54440611600876,39.65867794371664 -76.54406279325485,39.66081717346226 -76.54335469007492,39.664005246264125 -76.54252856969833,39.66559922751078 -76.54139131307602,39.667424414763886 -76.54105871915817,39.66820072413916 -76.54119819402695,39.671760073525384 -76.5417131781578,39.67312265294116 -76.54214233160019,39.673741998336354 -76.54235690832138,39.67436959600564 -76.54173463582993,39.67507976543879 -76.54073685407639,39.67528620867167 -76.53967469930649,39.675021961222996 -76.53889149427414,39.67504673446425 -76.53801172971725,39.67580644288209 -76.53630584478378,39.67790385535135 -76.53307646512985,39.6808516856794 -76.53120964765549,39.68192509404369 -76.52765840291977,39.68428653371552 -76.52693957090378,39.685351632175994 -76.52736872434616,39.68652404714416 -76.52871787548065,39.687275373030374 -76.52985513210297,39.68843124304481 -76.52985513210297,39.69100711231812 -76.53064906597137,39.69440843346639 -76.53225839138031,39.69899830019506 -76.53371751308441,39.70320816135499 -76.53678596019745,39.709910390727806 -76.53833091259003,39.712832094821344 -76.53994023799896,39.7150274181674 -76.54264390468597,39.71953338929593 -76.54350221157074,39.72116735004796 -76.54337346553802,39.72138190767516 -76.65493726730347,39.72131589001483 -76.64178103208542,39.70350531832115 -76.6410943865776,39.702192865398764 -76.64071887731552,39.700442889339286 -76.64086908102036,39.698453475865314 -76.64158791303635,39.69657132236146 -76.642424762249,39.69418553648391 -76.64333671331406,39.69159327427377 -76.64440959692001,39.68844775533341 -76.64481729269028,39.6868708139537 -76.64497822523117,39.68514521902912 -76.64447396993637,39.679117683077266 -76.64451688528061,39.67656614294421 -76.64484947919846,39.67479074387613 -76.6462978720665,39.671289358026755 -76.64739221334457,39.66877882119912 -76.64835780858994,39.66634252225661 -76.6498813033104,39.66277463455471 -76.65115803480148,39.659751696653466 -76.65167301893234,39.658760540688654 -76.65245622396469,39.657736331258874 -76.65377587080002,39.65643126822084 -76.65548175573349,39.65535746369873 -76.66292756795883,39.65204508466069 -76.66421502828598,39.65107860001807 -76.66523426771164,39.64970732511812 -76.66903227567673,39.6406611857563 -76.67033046483994,39.63834782770389 -76.67130678892136,39.63663754539621 -76.6720363497734,39.63459671841625 -76.6720899939537,39.633266430358304 -76.67190760374069,39.63197743119122 -76.67148917913437,39.63080409055525 -76.66763752698898,39.62345786486021 -76.66481584310532,39.61811090876802 -76.6637322306633,39.61601168170875 -76.66236966848373,39.614433087140206 -76.6586896777153,39.61081292806024 -76.65815323591232,39.609655759661656 -76.65788501501083,39.60787864196319 -76.65831416845322,39.605622050038974 -76.65933340787888,39.603960556231726 -76.66297718882561,39.5987608976415 -76.66384622454643,39.5977854015091 -76.66480645537376,39.597095105690975 -76.66595980525017,39.59649160790234 -76.66817530989647,39.59558221774186 -76.67148515582085,39.59436692316215 -76.67257949709892,39.59325495127963 -76.67456835508347,39.58955100541431 -76.67576394975185,39.58722146927907 -76.67623333632946,39.5863222928558 -76.67680732905865,39.58520192337656 -76.67730621993542,39.58384174567876 -76.67753957211971,39.58291771915683 -76.6778265684843,39.58155749662466 -76.6779150813818,39.581082032603724 -76.67801432311535,39.579393075339276 -76.67766563594341,39.57817749678259 -76.67695485055447,39.57686886542622 -76.67456232011318,39.57492964746397 -76.67362421751022,39.57384837551214 -76.67299121618271,39.57223573973849 -76.67229518294334,39.57111100745557 -76.67149052023888,39.57012271660246 -76.66821286082268,39.56682279823575 -76.66656598448753,39.56487089290256 -76.66569158434868,39.56322909947732 -76.6652463376522,39.56209181424157 -76.66490837931633,39.56055748351629 -76.6648118197918,39.55945737644256 -76.66488155722618,39.55788162877207 -76.66510686278343,39.55674425584711 -76.66608318686485,39.5531624432726 -76.6662172973156,39.552645422719415 -76.66644796729088,39.551789228209664 -76.6666142642498,39.550899932870074 -76.66674301028252,39.549274354252994 -76.66668400168419,39.547723194108734 -76.66653379797935,39.54250276845545 -76.66637822985649,39.538609945086996 -76.66594907641411,39.5368930620007 -76.66424855589867,39.53382325194287 -76.66220471262932,39.53067469387823 -76.66121229529381,39.52886658745209 -76.66070267558098,39.526971542082585 -76.66063830256462,39.525564706395166 -76.66102454066277,39.52239508390653 -76.66126057505608,39.52037571894517 -76.66144296526909,39.51919221137211 -76.66203305125237,39.51624163091127 -76.66285917162895,39.5135516517149 -76.66318640112877,39.512024524867165 -76.7551177740097,39.51357648276841 -76.80918574333191,39.50774921888317 -76.86777055263519,39.488012354736696</coordinates></LinearRing></outerBoundaryIs></Polygon></Placemark><Placemark><name>Balt West</name><ExtendedData><Data name="name"><value>Balt West</value></Data></ExtendedData><Polygon><outerBoundaryIs><LinearRing><coordinates>-76.6637322306633,39.41152052995806 -76.66792720556259,39.40769912138625 -76.66981548070908,39.40627329274262 -76.67055577039719,39.40595828015699 -76.6741070151329,39.40473137547068 -76.67660683393478,39.403355226965175 -76.68138116598129,39.39992302744627 -76.68388098478317,39.39819857360764 -76.68571561574936,39.396954950632356 -76.68767899274826,39.39600978234354 -76.68881624937057,39.395628395021944 -76.69066160917282,39.39534649870506 -76.69190615415573,39.39528846108665 -76.69356912374496,39.39525529671159 -76.69725984334946,39.395097765714794 -76.69812887907028,39.395064601249096 -76.70019954442978,39.39472466456667 -76.70204490423203,39.39426035812913 -76.70498460531235,39.39323224002104 -76.70700162649155,39.39244455863999 -76.70989841222763,39.391441288425796 -76.71204417943954,39.39091062727279 -76.71450108289719,39.39054579538903 -76.71862095594406,39.39027217022433 -76.72187179327011,39.389907335002306 -76.72424286603928,39.38943470471941 -76.72736495733261,39.388481142649596 -76.72972530126572,39.387552443586955 -76.73178523778915,39.386474473819185 -76.73333019018173,39.38533844150514 -76.7365488409996,39.38236145158924 -76.738061606884,39.38150730569196 -76.74113005399704,39.380354606793695 -76.74227803945541,39.379782396673356 -76.74322217702866,39.378994563470386 -76.74378007650375,39.37829794565234 -76.74410194158554,39.37770913231351 -76.74581855535507,39.37435860695248 -76.74733132123947,39.371472381937764 -76.74808233976364,39.37015363597172 -76.74827545881271,39.368909513172376 -76.74822181463242,39.36749118614288 -76.74706310033798,39.36376690377884 -76.74653738737106,39.36063138513735 -76.7464730143547,39.35961936230242 -76.74608677625656,39.35552134946405 -76.74572199583054,39.351539244371 -76.74519628286362,39.3457647888605 -76.74476712942123,39.341002163365516 -76.74463838338852,39.33615623224669 -76.7446705698967,39.33052988399204 -76.74468129873276,39.32539274885358 -76.74469202756882,39.32009753613979 -76.74471348524094,39.3159142006717 -76.7445632815361,39.31151478837063 -76.74404829740524,39.30704868693025 -76.74325436353683,39.30055655912427 -76.74240678548813,39.29394758553639 -76.74217075109482,39.29188838086841 -76.7416986823082,39.290285812752465 -76.74102276563644,39.28896553478205 -76.73996061086655,39.28756219317183 -76.73881933093071,39.28641209638865 -76.73781618475914,39.285652274796035 -76.73515543341637,39.28414091116704 -76.73007532954216,39.281363072631905 -76.72736093401909,39.27982670206442 -76.72643288969994,39.27903774192171 -76.72578379511833,39.27806606300937 -76.72544583678246,39.27704453987747 -76.72479137778282,39.27529213623584 -76.72409266233444,39.2736185913683 -76.73659175634384,39.27091924122255 -76.74300760030746,39.269532150087485 -76.74832910299301,39.268460665684536 -76.75749152898788,39.267987213869176 -76.76420778036118,39.265246114180826 -76.76652520895004,39.26454836259704 -76.77196472883224,39.265121516193155 -76.77727550268173,39.26452344276914 -76.72686338424683,39.235045391950415 -76.70892477035522,39.23524483414395 -76.70168817043304,39.229144970599876 -76.69477880001068,39.22109965316555 -76.69396340847015,39.22169809695112 -76.68879210948944,39.2225791299066 -76.68741546571255,39.22280562008244 -76.6864337772131,39.22295938363855 -76.68446771800518,39.223401971453825 -76.68222539126873,39.22448661148304 -76.68055437505245,39.22537176506354 -76.67794190347195,39.22681582969016 -76.67723380029202,39.22721476029168 -76.67550377547741,39.22819961050509 -76.67432360351086,39.228874869015094 -76.67107075452805,39.23138054072912 -76.66728347539902,39.23311742151862 -76.66405811905861,39.23384872688402 -76.6604894399643,39.233915208812 -76.64980351924896,39.23203707010064 -76.64927780628204,39.23540272547846 -76.64900958538055,39.238236399015925 -76.648730635643,39.240446751112984 -76.64861261844635,39.24167654092265 -76.64823710918427,39.24343809417076 -76.64761483669281,39.24509989630477 -76.64684236049652,39.24681151134104 -76.64212167263031,39.250151533013145 -76.63995444774628,39.25177994360499 -76.63849532604218,39.2529929187562 -76.63725078105927,39.25395663747964 -76.63643538951874,39.25492034295745 -76.63564145565033,39.26060261282613 -76.62103414535522,39.25943961261964 -76.60841703414917,39.25398986892352 -76.57356977462769,39.25817690483515 -76.57777547836304,39.27253055812725 -76.58095121383667,39.27552053255945 -76.59296751022339,39.2777795397315 -76.59828901290894,39.27704869244068 -76.60163640975952,39.27837750002578 -76.60336375236511,39.28270425506599 -76.60457074642181,39.28600104638662 -76.60541296005249,39.28831369025349 -76.60623371601105,39.290593043678506 -76.60639464855194,39.29070098935954 -76.60764321684837,39.29178874039684 -76.60864099860191,39.292457159178916 -76.60978361964226,39.29306744901612 -76.6105668246746,39.2937815228888 -76.61074385046959,39.294483134891614 -76.61104425787926,39.29602333539939 -76.61110326647758,39.297355934374195 -76.61143720149994,39.30333778734714 -76.6113755106926,39.30455817201041 -76.61136478185654,39.30476571830541 -76.61155790090561,39.3054298623135 -76.61176174879074,39.30564570775917 -76.61260932683945,39.306060793283734 -76.61403626203537,39.30608569833695 -76.6149341315031,39.306201921801296 -76.61562077701092,39.30650700747695 -76.61647371947765,39.30700717907448 -76.61718182265759,39.30748451792936 -76.61882869899273,39.30844956262562 -76.61994718015194,39.30904518572125 -76.62087254226208,39.30957231830888 -76.62194006145,39.31021151312773 -76.62329491227865,39.310993896241335 -76.62404995411634,39.31143074030138 -76.62452604621649,39.311702599123535 -76.62586145102978,39.312766158794 -76.6272696107626,39.31427690454383 -76.62822984158993,39.31531241060409 -76.62882797420025,39.31609266155867 -76.62925980985165,39.31699740974896 -76.62977211177349,39.31813247865998 -76.6300966590643,39.31909322643634 -76.63031157106161,39.31978628467439 -76.63077156990767,39.32057997317421 -76.6312811896205,39.3214213769002 -76.63181494921446,39.322284557381415 -76.63242381066084,39.32321412444855 -76.63305144757032,39.32395901414179 -76.63419406861067,39.32474746812703 -76.6352615877986,39.32538237461245 -76.63595460355282,39.325762070834905 -76.63688533008099,39.32599445220555 -76.63838736712933,39.32625173067952 -76.63910083472729,39.32639074365467 -76.63973651826382,39.32662104812479 -76.6400932520628,39.32689699752714 -76.64050363004208,39.32721029214533 -76.64088182151318,39.32787837266997 -76.6410481184721,39.32863566119925 -76.64129756391048,39.32980788617515 -76.64149068295956,39.33061494646235 -76.6416435688734,39.33104233194222 -76.64185546338558,39.33144481879216 -76.64213977754116,39.3318535272948 -76.64252333343029,39.33227468127291 -76.64292566478252,39.33269168345143 -76.64350770413876,39.33339083077734 -76.64534769952297,39.33595292813692 -76.64658151566982,39.33759801483697 -76.64743512868881,39.33880328077369 -76.6477033495903,39.33975752133716 -76.6474136710167,39.341201304033454 -76.6472527384758,39.34347478644623 -76.64712399244308,39.345374829982006 -76.64671629667282,39.34733289940415 -76.64634078741074,39.349481734483966 -76.64631932973862,39.35034456858675 -76.64768189191818,39.353538621338984 -76.648368537426,39.35480790565711 -76.64934486150742,39.355629194987024 -76.64994567632675,39.35690673697668 -76.65009588003159,39.358350165400175 -76.65039226412773,39.36005901336805 -76.65022060275078,39.36131573653133 -76.65010794997215,39.36387888398414 -76.65018305182457,39.364870108343396 -76.65042981505394,39.366329961280066 -76.65073022246361,39.367254795503925 -76.65168508887291,39.36927860524873 -76.65331050753593,39.37300674054979 -76.65420100092888,39.37456594611006 -76.65495738387108,39.375279188109786 -76.65640041232109,39.37620390380822 -76.65914699435234,39.37803256560738 -76.6600589454174,39.37914383781267 -76.66053101420403,39.38008508811849 -76.66424453258514,39.389476163644225 -76.66507467627525,39.390769669725636 -76.66616901755333,39.39215021226258 -76.66676446795464,39.393066413100875 -76.66703268885612,39.394558841193714 -76.66673228144646,39.395806652399166 -76.66620120406151,39.39670207791507 -76.66534289717674,39.397680400062285 -76.66304692626,39.40065673646384 -76.66218861937523,39.40241429051962 -76.6618238389492,39.404271280648594 -76.66188284754753,39.405531352934354 -76.66200086474419,39.407408984199236 -76.66225835680962,39.408470051475064 -76.66285380721092,39.40993313729265 -76.6635511815548,39.41121797487471 -76.6637322306633,39.41152052995806</coordinates></LinearRing></outerBoundaryIs></Polygon></Placemark><Placemark><name>Balt East</name><ExtendedData><Data name="name"><value>Balt East</value></Data></ExtendedData><Polygon><outerBoundaryIs><LinearRing><coordinates>-76.58739924430847,39.29541722280075 -76.5889173746109,39.295384010999875 -76.59056425094604,39.29530098142876 -76.59382045269012,39.295201345813446 -76.59569263458252,39.29509755856341 -76.59738779067993,39.29507680109493 -76.59953355789185,39.29495225615479 -76.60192608833313,39.294877529084424 -76.60266637802124,39.29485262004325 -76.60338521003723,39.29483601401086 -76.60445809364319,39.29477789286649 -76.60552829504013,39.29475298378985 -76.60656899213791,39.29469486257659 -76.60836070775986,39.29467825650677 -76.6107639670372,39.294586923052506 -76.61112874746323,39.29682040699359 -76.61145061254501,39.303204955079295 -76.61139696836472,39.304782321982415 -76.61154717206955,39.30542156055229 -76.61195486783981,39.3058449491182 -76.61275953054428,39.306110603381256 -76.61439768970013,39.3061251313197 -76.61502800881863,39.30623097763722 -76.61619208753109,39.306843222803565 -76.61696992814541,39.3073433919982 -76.621353328228,39.30982965718484 -76.62479728460312,39.311871732132616 -76.62584871053696,39.31278483579498 -76.62862747907639,39.315773091741114 -76.62894934415817,39.31627942246455 -76.63052648305893,39.32015563625994 -76.63211569190025,39.32276179201704 -76.63312956690788,39.324052384156644 -76.63393422961235,39.32458355342509 -76.63601025938988,39.32578696887583 -76.63715824484825,39.32605669708443 -76.63902506232262,39.326355471731894 -76.63973852992058,39.3266085992539 -76.64050564169884,39.32721859132144 -76.64088651537895,39.32790741950452 -76.64163753390312,39.33109004957641 -76.64193257689476,39.33157137345694 -76.64274260401726,39.33257550398993 -76.64350435137749,39.33336801005512 -76.64542481303215,39.33604420760628 -76.64745256304741,39.33881157857386 -76.64767786860466,39.33974922364924 -76.64735063910484,39.34159128619804 -76.64729163050652,39.343014287769215 -76.64715752005577,39.345022205718536 -76.64695903658867,39.346134003240074 -76.64659962058067,39.34790122707803 -76.64627239108086,39.34977211253493 -76.6463528573513,39.350485607763524 -76.64792463183403,39.354077862592064 -76.64838060736656,39.35476642614192 -76.64925500750542,39.35556282853106 -76.64966270327568,39.356288708217036 -76.64997383952141,39.3576160115669 -76.65038153529167,39.360029979892445 -76.65017768740654,39.36173463922788 -76.65007576346397,39.363169672984924 -76.65015086531639,39.36439730852093 -76.65040835738182,39.366329961280066 -76.65086433291435,39.367586571612684 -76.6522966325283,39.3706139557894 -76.65354654192924,39.373512656808394 -76.65433511137962,39.374740110526574 -76.6559873521328,39.3759841294379 -76.65787562727928,39.377153487002445 -76.6592113673687,39.378103057280214 -76.66009649634361,39.379181156348345 -76.66063830256462,39.38032972819033 -76.66186675429344,39.38350997110001 -76.66320249438286,39.38702175285912 -76.66413053870201,39.389239847442724 -76.66458114981651,39.39001512742554 -76.66521951556206,39.39092306468976 -76.66638359427452,39.39242383006251 -76.6667751967907,39.393153472283124 -76.66690930724144,39.39375044660632 -76.66701659560204,39.394451055789915 -76.66689321398735,39.39517653125767 -76.66640505194664,39.396353858246805 -76.66538044810295,39.3976140735706 -76.66359946131706,39.3999105916337 -76.66301473975182,39.40073549573018 -76.66234955191612,39.40193345465981 -76.66212424635887,39.402654707206466 -76.66186138987541,39.404051594662896 -76.66187211871147,39.40583807761105 -76.66200622916222,39.40755819776046 -76.66241392493248,39.4090254474399 -76.66285917162895,39.40990826923493 -76.66370674967766,39.41154539744078 -76.65972635149956,39.415250553251745 -76.65785953402519,39.41676737231302 -76.65393680334091,39.41893893559631 -76.65124386548996,39.42008270890448 -76.64857238531113,39.420754045366074 -76.64637297391891,39.42089494232107 -76.64395898580551,39.42069602889009 -76.6402468085289,39.41993352214602 -76.63607329130173,39.4190052418078 -76.63187831640244,39.417960911650674 -76.62995785474777,39.41714864404496 -76.62686794996262,39.41588878168726 -76.62093490362167,39.41349332269474 -76.61966890096664,39.41302085220685 -76.61805957555771,39.4128384943201 -76.6167613863945,39.4128384943201 -76.6151949763298,39.41310374199773 -76.612169444561,39.41375027898435 -76.61067813634872,39.41389119009591 -76.60750240087509,39.41372541228802 -76.60116165876389,39.41297111828504 -76.59829705953598,39.41317834272527 -76.59607619047165,39.413617656501515 -76.59323304891586,39.414206166844906 -76.59119457006454,39.41431392172182 -76.58821195363998,39.413982367722234 -76.58653825521469,39.413601078673445 -76.58292263746262,39.41194327595797 -76.56922996044159,39.40227750134515 -76.56736314296722,39.40153137385285 -76.56583964824677,39.40124950138966 -76.56395137310028,39.401348985918496 -76.560840010643,39.401979051306014 -76.55901610851288,39.401929309508695 -76.55678451061249,39.40138214739658 -76.55386626720428,39.39985670308693 -76.55013263225555,39.39786694298202 -76.54124915599823,39.39239481004368 -76.53577744960785,39.39042142044717 -76.53105676174164,39.38868014798359 -76.52775228023529,39.38718759414508 -76.52431905269623,39.385313564678206 -76.52223765850067,39.38357216475792 -76.52043521404266,39.3812336450868 -76.5181177854538,39.37418444158424 -76.51672303676605,39.37227688768507 -76.51537120342255,39.370850335057085 -76.51019990444183,39.367184292877766 -76.5090411901474,39.36587376051542 -76.50359094142914,39.35857414299973 -76.49631679058075,39.35147287402997 -76.49475038051605,39.35079257439949 -76.49723947048187,39.350892130856685 -76.49882733821869,39.35019523267753 -76.49938523769379,39.349879966932235 -76.50037229061127,39.349365582925756 -76.5001791715622,39.349365582925756 -76.50073707103729,39.3493158036274 -76.50022208690643,39.349348989830254 -76.50067269802094,39.34913327923008 -76.50088727474213,39.34901712709262 -76.50114476680756,39.348818008693556 -76.50144517421722,39.34866866952192 -76.5020889043808,39.34830361686988 -76.5028828382492,39.34797174916779 -76.5039986371994,39.34747394465953 -76.505908370018,39.34671063752632 -76.50801122188568,39.345565661194414 -76.51022136211395,39.34445385463155 -76.51163756847382,39.34370710895163 -76.51258170604706,39.34276121963691 -76.5136331319809,39.34174893794488 -76.51436269283295,39.34067026099159 -76.51466310024261,39.339475399396406 -76.51526391506195,39.33821413444386 -76.5158861875534,39.337251574827874 -76.51646554470062,39.336438367582744 -76.5174525976181,39.33502767951656 -76.52049958705902,39.33184107935537 -76.5289968252182,39.323458963718785 -76.5333741903305,39.31917622778486 -76.53431698679924,39.31815115422847 -76.53564602136612,39.3169932595546 -76.53864741325378,39.3136813259798 -76.5418016910553,39.3090659390479 -76.54439806938171,39.30481552932466 -76.54518261551857,39.303690621834455 -76.54583841562271,39.30263211303671 -76.55234277248383,39.300415419223505 -76.5585708618164,39.29827337873827 -76.56286239624023,39.29705599803206 -76.56500816345215,39.29673530342801 -76.56736850738525,39.296359601084866 -76.56990051269531,39.29600672964472 -76.57183706760406,39.295738961306256 -76.57351613044739,39.29553761544693 -76.5753722190857,39.295898792143134 -76.57837629318237,39.295749339943086 -76.58083319664001,39.29566631080524 -76.5813159942627,39.295641402044595 -76.58207774162292,39.29561649327519 -76.5830647945404,39.29555006984675 -76.58482432365417,39.295483646355244</coordinates></LinearRing></outerBoundaryIs></Polygon></Placemark><Placemark><name>PA/York</name><ExtendedData><Data name="name"><value>PA/York</value></Data></ExtendedData><Polygon><outerBoundaryIs><LinearRing><coordinates>-76.81036377791315,40.06052085636274 -76.87971497420222,39.88529321638128 -76.69912720564753,39.87633561107262 -76.70026016654447,39.871830002587345 -76.69820023002103,39.86616465848508 -76.69511032523587,39.8622118157575 -76.69202042045072,39.858522290418684 -76.69116211356595,39.85588679372527 -76.67605590977473,39.79550622686765 -76.67365265049739,39.78376672814288 -76.66815948643489,39.77308072402043 -76.66300964381662,39.757114588336776 -76.66146469142404,39.743652657724674 -76.6590614321467,39.72899992079937 -76.65476989772287,39.7213422966836 -76.47126387921162,39.721738399531304 -76.23461149865761,39.72097259232694 -76.24765776330605,39.74579090034907 -76.29297636682168,39.79276278662888 -76.46154783898965,39.97033207887857 -76.52162932092324,40.03818196468334 -76.81036377791315,40.06052085636274</coordinates></LinearRing></outerBoundaryIs></Polygon></Placemark><Placemark><name>DC3/VA</name><ExtendedData><Data name="name"><value>DC3/VA</value></Data></ExtendedData><Polygon><outerBoundaryIs><LinearRing><coordinates>-76.94678267666217,38.863710690711585 -76.94720914789553,38.86338802025671 -76.94751894303675,38.86315097662706 -76.94790384003039,38.862852321413556 -76.94850331374522,38.86239180514677 -76.94894185491916,38.86205137623852 -76.9497411532056,38.86142272716083 -76.95015823670741,38.861096913491956 -76.95058739014979,38.86074499128146 -76.95145711479205,38.860092819790395 -76.95248305974025,38.859288367114715 -76.95329845128077,38.85865969360935 -76.95446252999324,38.85775322435236 -76.95533558902758,38.85707023181866 -76.9562582689287,38.85634232582756 -76.95711121139544,38.855685428659626 -76.95782736120242,38.85513191759174 -76.9587071257593,38.85444889988366 -76.95946753201503,38.85386195893721 -76.9647021751901,38.84977081428213 -76.96548538022245,38.849185923635915 -76.96667628102506,38.84823128821551 -76.96759627871717,38.84751478100497 -76.96835534386838,38.846896448281775 -76.96911172681058,38.846315711978804 -76.97025703005994,38.845411174410295 -76.97091417126859,38.84491816525824 -76.97208897881711,38.84399063030584 -76.97301970534528,38.84329914930955 -76.97358565144742,38.84283119461114 -76.97477655225003,38.84190781068717 -76.9758145671388,38.84111394162545 -76.97639928870404,38.8406397050918 -76.97733001523221,38.8399168538986 -76.97801666074002,38.839374710684964 -76.97860808782781,38.83887016907041 -76.97926522903646,38.83840845290548 -76.97973059230054,38.83806268612345 -76.98061169796193,38.837365924392685 -76.98777491635451,38.83175412824471 -76.98906505889067,38.830759559501246 -76.98974633998046,38.83023301748181 -76.99128056353698,38.82902529924958 -76.99251974410186,38.828036960953476 -76.99375624245772,38.827090399996834 -76.9949954230226,38.8261271098111 -76.99694270676741,38.8246058788099 -76.9985439855493,38.823404334096814 -77.00005943364272,38.82222784545322 -77.00074607915053,38.82169706090968 -77.00116718596587,38.821375244732224 -77.0016419369615,38.8210408887216 -77.0018565136827,38.82086744092263 -77.00206840819487,38.82059995433223 -77.00267190522322,38.82013185038125 -77.00385475939879,38.81917264561887 -77.0045574981607,38.81860422188512 -77.00507784670958,38.818188350176484 -77.00559819525847,38.81777665569095 -77.00695807522902,38.81670612898597 -77.00872090536711,38.81533886711426 -77.01048579889891,38.813965791353894 -77.01215413290618,38.81267837816468 -77.01378491598723,38.81135123144538 -77.01549616533873,38.81003869037054 -77.01686409193633,38.80896648520811 -77.02159461782696,38.805358342087914 -77.02586469457867,38.80203068169955 -77.03496274755719,38.794923348947975 -77.03886804388287,38.79189624613872 -77.03917393042263,38.79268128525038 -77.04540738417325,38.793065947616995 -77.04926976515469,38.79347569437639 -77.05417284323391,38.79407776697396 -77.05814885965856,38.79455961422663 -77.06192540995153,38.795412535934815 -77.06544446817907,38.796884219980136 -77.06969308725866,38.798556551325966 -77.07282590738805,38.79961009992482 -77.07544374338659,38.8001703138684 -77.07751440874608,38.80040443182358 -77.08250570715882,38.80096434045215 -77.08896446646668,38.80176701843787 -77.09520864905335,38.80251952083778 -77.09927487791992,38.802979379503405 -77.10154939116455,38.80310479498805 -77.10520792426087,38.80298774054258 -77.10879135550476,38.802502798648575 -77.11209583701111,38.80168340656953 -77.11490679205872,38.80088908892743 -77.1202712100885,38.79948437921262 -77.12355423392273,38.79861478313194 -77.12680507124878,38.797786984696955 -77.12866115988709,38.79745251795547 -77.13358569563843,38.796658153153444 -77.13527012289978,38.796398937459955 -77.14448369018015,38.79493795747335 -77.14929020873484,38.79417701294229 -77.15422547332224,38.79334916296217 -77.15703642836985,38.7927052729969 -77.15928948394236,38.792103188806095 -77.16398871413645,38.79118332813915 -77.16590917579111,38.79106207289303 -77.16903663150248,38.79099241706683 -77.16991103164133,38.79102168562199 -77.17189050189432,38.79102586684319 -77.17327581569299,38.79123910879847 -77.17471617502684,38.791724168160606 -77.17990893167968,38.79248513887765 -77.18402344030852,38.794161754481635 -77.1916570071649,38.79660761923018 -77.1958446500725,38.79752343882386 -77.20130562762682,38.798769318229326 -77.20803793831249,38.800467240537635 -77.21083616341929,38.802389842243436 -77.21294774301828,38.80498125959566 -77.21682757946235,38.80976252098287 -77.22276239905301,38.81838207854529 -77.2216099358015,38.824965003358045 -77.21880210627529,38.82972724316299 -77.21782734495463,38.83424776231321 -77.22013788571746,38.84514956173423 -77.21961103362588,38.85786777778044 -77.22020591446488,38.86730018266171 -77.21513024155257,38.86601124316667 -77.20208684106001,38.8661590233779 -77.19608012494461,38.86623291336829 -77.18303457633516,38.86834152292772 -77.15900234158119,38.872202437705575 -77.15539763167493,38.8720613206388 -77.14355308617007,38.86737979193648 -77.1406348875143,38.866175013244785 -77.11960639121378,38.86664188050936 -77.10132447694446,38.8703164199494 -77.08362614738428,38.875198513068014 -77.08439001971362,38.884989053006265 -77.06884606123236,38.90132454379153 -77.06900051487537,38.90119498153758 -77.06916357238532,38.90113020032196 -77.05490707423121,38.88864024953209 -77.05131332027088,38.88519663002283 -77.04659819988251,38.88100264521474 -77.04054992008389,38.87576509231773 -77.04782546280171,38.86833479551212 -77.05360900137259,38.866089609771905 -77.04130873879762,38.875592180291676 -77.04743239596235,38.86831515748593 -77.0407953567468,38.875902980935564 -77.06897669980992,38.90100777281116 -77.06753201672723,38.90393923771901 -77.0632906169584,38.902666397489014 -77.02709513374873,38.90236394420944 -77.00343551163604,38.88767000423268 -76.99381972441745,38.88371733049219 -76.98263592225379,38.87915027661943 -76.97043849791379,38.87343559496964 -76.94678267666217,38.863710690711585</coordinates></LinearRing></outerBoundaryIs></Polygon></Placemark><Placemark><name>Virginia</name><ExtendedData><Data name="name"><value>Virginia</value></Data></ExtendedData><Polygon><outerBoundaryIs><LinearRing><coordinates>-77.03957454751105,38.79251900035031 -77.04077617714972,38.72569123674621 -77.0412053305921,38.7154454984655 -77.04953090737433,38.70385867857579 -77.08609478066535,38.698089892232794 -77.11167232583136,38.6866342547199 -77.12669269631476,38.63623447713005 -77.1426572043714,38.62678057048455 -77.2056569297132,38.60860679557275 -77.23011867592902,38.58633596917623 -77.28787404354813,38.48016874216684 -77.29130727108719,38.41752019858337 -77.26487141903641,38.36693152128287 -77.23740559872391,38.35212495134228 -77.25113850888016,38.35131723316051 -77.49200210778525,38.38180561592397 -77.5097690602999,38.42276867180002 -77.47943747237383,38.596241350635125 -77.838404584393,38.82660140444088 -77.69567080896968,38.83268523351397 -77.66837665003413,38.8337549922358 -77.57945605677241,38.83582760400587 -77.46847697657222,38.838434997599315 -77.48547145289058,38.87900442369251 -77.51044818323726,38.93858009269241 -77.52830096644038,38.98093172407096 -77.53834315699214,39.00462560962767 -77.49208041590327,39.0006902820708 -77.40616389673824,38.9939530267991 -77.33742907086412,38.98833801855875 -77.25760653058092,38.9819331881092 -77.23434641400377,38.9799982816152 -77.22991124854025,38.98005390629053 -77.22804443106588,38.97930328236723 -77.2250403569692,38.973298004515456 -77.21392528281149,38.9722136639606 -77.18020963040453,38.9689404204505 -77.1660475668059,38.968540025853585 -77.1492247518645,38.9658039355342 -77.14218663540942,38.96159949323651 -77.13506268826586,38.95385732776983 -77.12836789456469,38.94197546351869 -77.11935567227465,38.93403085922583 -77.11609410611254,38.92933349398182 -77.09120320645434,38.90482483959637 -77.06905888882739,38.90126804422292 -77.07004594174487,38.90011580469562 -77.08444858855421,38.884927474063545 -77.08359028166944,38.875205761708976 -77.09996878281083,38.87070213777797 -77.11108385696855,38.86834652817176 -77.11955963745561,38.866659128625976 -77.1406310714766,38.866191327601584 -77.15537249222245,38.872055325015424 -77.15908466949907,38.87220567756271 -77.17564999237504,38.86949928305133 -77.19605623856035,38.86624144928716 -77.21515356674638,38.86600754778554 -77.22019611969438,38.867310703494525 -77.21992985739132,38.84896038589167 -77.22014599928116,38.845216225211274 -77.21782857069229,38.83398476563249 -77.21903020033096,38.82903701273859 -77.22177678236221,38.824757597763636 -77.22272091993545,38.81807049690353 -77.21104794630264,38.80248711576164 -77.20770054945206,38.800212860968266 -77.18976193556045,38.79606550360419 -77.17954808363174,38.79245309247725 -77.17353993543838,38.79131581404629 -77.16409855970596,38.790914417326746 -77.15388470777725,38.79345655837737 -77.12633305677628,38.79773785416128 -77.1108835328505,38.802085781954766 -77.10556203016495,38.803089112233614 -77.10109883436417,38.803289776594056 -77.08590680250381,38.80148377700616 -77.0753496278212,38.800145970022605 -77.06788235792374,38.79807231956365 -77.06135922559952,38.79539655239361 -77.0537202943251,38.79379104387146 -77.03957454751105,38.79251900035031</coordinates></LinearRing></outerBoundaryIs></Polygon></Placemark><Placemark><name>TX - MOCO 1 (JOSH)</name><ExtendedData><Data name="name"><value>TX - MOCO 1 (JOSH)</value></Data></ExtendedData><Polygon><outerBoundaryIs><LinearRing><coordinates>-95.86627016225884,30.338090905349013 -95.86394200483392,30.339081680600867 -95.86207518735955,30.340405785142078 -95.87180624166558,30.341674316050955 -95.87179551282952,30.350905392555113 -95.87369451681207,30.38283245926171 -95.931136705075,30.587716480992952 -95.91566793298783,30.598779860512085 -95.84852224364086,30.649113486265776 -95.80389028563302,30.69495762374912 -95.68660264982982,30.80199005047469 -95.68394189848706,30.79996263028851 -95.68177467360302,30.79826693692727 -95.67935631392824,30.796107115109002 -95.67682430861818,30.79402427357279 -95.66754814945746,30.788020651542098 -95.66510197483585,30.786877762999353 -95.66357848011538,30.78582703090334 -95.65905091129825,30.781937378853392 -95.65235611759708,30.77825035965623 -95.63358065449283,30.765897815709334 -95.63139197193668,30.76412776908535 -95.62967535816715,30.76302147341514 -95.62885996662662,30.762542074677334 -95.62707897984073,30.76106698665688 -95.62418219410463,30.75985002202515 -95.62287327610538,30.75883587308083 -95.62231211288729,30.758191434888147 -95.62031654938023,30.756734719775995 -95.61947970016756,30.75631060870238 -95.61731247528353,30.754872305063817 -95.6159391842679,30.75402406464109 -95.60493139847078,30.746500213843955 -95.59871000049034,30.742646997190533 -95.59330266711629,30.73943798897097 -95.59021276233116,30.737372363918546 -95.58665078875936,30.734605832425167 -95.58304589984334,30.732318773088295 -95.58103040460452,30.730562142136147 -95.57656720880374,30.726430467225804 -95.57519391778811,30.719457864238905 -95.57373479608401,30.713407154623056 -95.5721469283472,30.703961385704936 -95.57115987542971,30.699127450910527 -95.56952909234866,30.690861230381792 -95.56892827752935,30.686654042754338 -95.56798413995608,30.681893056694996 -95.56691125635012,30.676467460843188 -95.56167558435305,30.673071694764797 -95.55716947320803,30.67000802076506 -95.55429414514407,30.668236213148003 -95.55232003930911,30.66694424961001 -95.55103257898196,30.66280985020154 -95.55068925622805,30.661923884457906 -95.54953054193362,30.658786023794757 -95.54862931970465,30.655537307779262 -95.54781392816412,30.652842267322104 -95.54611919769607,30.64928404163964 -95.53800819763504,30.645407339176014 -95.53513286957106,30.645111964997447 -95.53109882721266,30.64518580862768 -95.52888736379026,30.64470582402969 -95.52471384656309,30.64398584266647 -95.50982490432142,30.64357046636511 -95.50650030624746,30.621797636200103 -95.50483800721048,30.611204862648112 -95.50592229020475,30.60061093027021 -95.49914703023313,30.554555768217032 -95.49218401563047,30.51858133205652 -95.49178570759176,30.495780848672233 -95.49688056361555,30.474158609366658 -95.4947106565225,30.432083825132302 -95.49277410161375,30.425177913599097 -95.4919908965814,30.423817951100446 -95.49126133572935,30.42119973862777 -95.49086436879514,30.418784999831477 -95.48965201032041,30.417082619327715 -95.48927650105833,30.413807303745088 -95.48852548253416,30.411910531188827 -95.48878297459959,30.410346822680758 -95.48793539655088,30.406876965825028 -95.48714146268247,30.404471126010407 -95.48640117299436,30.395846628506487 -95.48534974706052,30.37016295559348 -95.48508152615904,30.367330396875538 -95.48513517033933,30.36553454917462 -95.48469528806089,30.364183013176525 -95.48463091504453,30.362785172050593 -95.48421249043821,30.361192904839182 -95.48421249043821,30.35683255206657 -95.48371896397947,30.346176180052236 -95.48268899571775,30.345206925837836 -95.48194870602964,30.34386436807812 -95.47942742955564,30.33736427632545 -95.47634825360655,30.328354176241255 -95.4700718845117,30.30987763782146 -95.46608075749754,30.298252767084502 -95.46185359609007,30.286746956357025 -95.4611562217462,30.285839033003505 -95.46046957623838,30.285283157415602 -95.46032725359134,30.284412279328794 -95.45930801416569,30.283569187859197 -95.45899687791996,30.282790943149383 -95.45843897844486,30.281734744026913 -95.45821367288761,30.281076930056177 -95.45798836733036,30.28085456940668 -95.45776306177311,30.280539557624152 -95.45745192552738,30.280122628709936 -95.45751629854374,30.27982614484872 -95.45749484087162,30.279779819164467 -95.45750556970768,30.27982614484872 -95.4574427522254,30.280125894478317 -95.45743202338934,30.27986647115745 -95.4573891080451,30.280181485100744 -95.45785534485735,30.280542823378692 -95.45747983559528,30.279829410627023 -95.45669922851391,30.27668971768439 -95.45678505920239,30.269721866415754 -95.45698267867544,30.25218886166478 -95.45685400378181,30.2476735334774 -95.4576264799781,30.243817899540204 -95.45842041384651,30.240147492073387 -95.45869936358406,30.236810639063822 -95.45872082125618,30.2340483806009 -95.45820583712532,30.230321989501732 -95.45803417574837,30.227689329562715 -95.45726169955208,30.218919467984477 -95.45608152758552,30.207348729259767 -95.45644954474028,30.206380936557878 -95.45621351034697,30.206000781299377 -95.45579508574065,30.202838945306276 -95.45548394949492,30.198703370157677 -95.45348838598784,30.191961824818993 -95.45566633970793,30.200947358502006 -95.45643952017595,30.209414479244174 -95.45682575827409,30.21419859923748 -95.45689013129045,30.220632688370383 -95.4566111815529,30.228568103370943 -95.45830307698759,30.258020839585303 -95.45680103993925,30.225005552832737 -95.45785770651268,30.220865141801966 -95.45719251867699,30.21533965137856 -95.45659170385765,30.211501292482826 -95.45616255041527,30.20723627365234 -95.45648441549706,30.20642033594331 -95.45581922766137,30.203768491671582 -95.45579776998925,30.201932557629693 -95.45547590490746,30.199670046357195 -95.45534715887474,30.19801949303522 -95.45491800543236,30.196090721508206 -95.45442447897362,30.195052136573995 -95.45369491812157,30.192325799000333 -95.45292244192528,30.190378368804982 -95.45225725408959,30.187355138970347 -95.45208559271263,30.184035043468725 -95.45223579641747,30.181271303209826 -95.45146332022118,30.17876717629521 -95.45187717748604,30.176190620738428 -95.45143083372648,30.17233710385937 -95.45052961149747,30.169072155722606 -95.44941381254728,30.16669758005557 -95.45031503477628,30.165102129901772 -95.45104459562833,30.16320981833855 -95.44954255857999,30.160538257827007 -95.44962838926847,30.157384239050863 -95.4489846591049,30.154823843742143 -95.44855550566251,30.15178096867548 -95.44769719877775,30.148589559822966 -95.44718221464689,30.146251601768217 -95.44572309294279,30.144507374752564 -95.44516519346769,30.142354881887155 -95.44430688658292,30.139348735685275 -95.44430688658292,30.13790129929689 -95.44379190245206,30.135822891971777 -95.4441781405502,30.133447515720555 -95.44374898710782,30.13058956540771 -95.44198945799405,30.12387120052593 -95.44168905058439,30.119231178909658 -95.44007197706003,30.116496956600212 -95.43517962781686,30.109666259083163 -95.43595210401315,30.107494443804374 -95.43569461194772,30.108162699743854 -95.4353298315217,30.105916599347637 -95.43573752729196,30.105081259729513 -95.43545857755441,30.092568883701507 -95.44103757230539,30.091751996959967 -95.44382706968088,30.089486957512747 -95.44700280515451,30.087964524793048 -95.45129433957834,30.0876860284669 -95.45526400892038,30.088762876581203 -95.48812509270158,30.094261813584477 -95.50245881767717,30.09444746554182 -95.51142812462297,30.094298944003828 -95.51902414055314,30.09092001873793 -95.5279505321547,30.086686916455854 -95.53507447929826,30.08486736944142 -95.53717733116594,30.082899250290062 -95.53910852165666,30.080299787617065 -95.54078222008195,30.07874007722307 -95.54361463280168,30.07770025663163 -95.55065274925676,30.077663119979793 -95.5556309291884,30.076066230763264 -95.5596649715468,30.072055325576713 -95.56357026787248,30.067709994819378 -95.56923509331193,30.062547345341404 -95.57322622032609,30.05924162262092 -95.57674527855363,30.056047223891998 -95.58228135796037,30.05170119037543 -95.58524251671281,30.051069699549558 -95.59476972313371,30.051069699549558 -95.60064912529435,30.0519612148392 -95.60721517296281,30.0518497758669 -95.61369538994279,30.05177548314901 -95.61528325767961,30.051812629514927 -95.61723676812932,30.0578736589163 -95.62092748773381,30.063500827909003 -95.62253681314274,30.066267866295068 -95.62805143487736,30.070928943961725 -95.62942472589299,30.0728044551043 -95.63388792169377,30.08117882849199 -95.63577619684025,30.084910859651806 -95.63622680795476,30.08723170353272 -95.63564745080754,30.092170278035457 -95.63579765451237,30.094658037928884 -95.63729969156071,30.097906883826095 -95.63916650903508,30.103661720166315 -95.64023939264104,30.10737433997268 -95.64517465722844,30.11841855908608 -95.65180507791325,30.13014820916298 -95.66028012987238,30.14392297908925 -95.66917173244804,30.158391003694693 -95.67321200453705,30.164968477761683 -95.67454238020844,30.166341310375135 -95.67900557600922,30.168882855427114 -95.68430562102265,30.171832449639265 -95.68730969511932,30.173557643074343 -95.71052689635223,30.186634740035466 -95.73202748381561,30.198875555390348 -95.75292725645966,30.210502920415202 -95.75434346281952,30.21130028108076 -95.75384993636078,30.211893661568816 -95.76002974593109,30.21371086705347 -95.7619394787497,30.214879052856524 -95.7639564999289,30.21499030792389 -95.77092143710831,30.2167678604696 -95.77731582339982,30.218668414097177 -95.7792577427266,30.219141229052067 -95.78702013686427,30.221271355907746 -95.79583734688572,30.223852694089466 -95.80214590248875,30.22553989516851 -95.80402344879917,30.226309323413062 -95.80503195938877,30.22724560749429 -95.80652326760105,30.22879370122123 -95.8071991842728,30.22947040519495 -95.81032127556614,30.23244599343076 -95.81243485626987,30.234494554795383 -95.81443041977695,30.23650599659073 -95.81872195420078,30.240593638584603 -95.82132906136326,30.24321668437435 -95.8276590746384,30.249417175019016 -95.82865685639194,30.250881508816843 -95.82968682465366,30.25679100349277 -95.83053440270237,30.26214838348245 -95.83146781143955,30.268162354656255 -95.83249777970127,30.274629974137852 -95.83337754425816,30.28024478241085 -95.83408564743809,30.28515773054518 -95.83460458098284,30.290903792852927 -95.8347762423598,30.292311924206217 -95.83520539580218,30.296593851150387 -95.83505519209734,30.29826127617104 -95.83498009024493,30.30087220576546 -95.83613880453936,30.303030495240627 -95.83707221327654,30.304623708490546 -95.83998160573674,30.30966797984043 -95.84080772611333,30.311631571121374 -95.84382321161365,30.318411805146653 -95.84627128808,30.32312696763096 -95.84758020607927,30.32550702693494 -95.8495800951057,30.328553893641693 -95.8504813173347,30.32948920276106 -95.85145764141612,30.330007786146222 -95.85313133984141,30.33041524259384 -95.85434369831614,30.330294857910772 -95.85820534245835,30.330270375594242 -95.85953571812973,30.330733392911853 -95.86072661893235,30.331687201686275 -95.86306550519333,30.333733692074066 -95.86379506604538,30.33551160375386 -95.86627016225884,30.338090905349013</coordinates></LinearRing></outerBoundaryIs></Polygon></Placemark><Placemark><name>TX - MOCO 2 (JOSH DAVIS)</name><ExtendedData><Data name="name"><value>TX - MOCO 2 (JOSH DAVIS)</value></Data></ExtendedData><Polygon><outerBoundaryIs><LinearRing><coordinates>-95.31420482688759,30.13799024589367 -95.31109346443031,30.137507762814767 -95.30806793266152,30.137767561688843 -95.30712379508827,30.137767561688843 -95.31793846183632,30.13888097768834 -95.32120002799843,30.13992235965967 -95.32188667350624,30.140312048179446 -95.3225089459977,30.14036771784237 -95.32454742484902,30.140571839671043 -95.32337735562857,30.14066187809619 -95.31582425504263,30.138694870154044 -95.31251977353628,30.13791547880356 -95.30923384829663,30.137458516139024 -95.30601519747876,30.137644086925736 -95.30451316043042,30.137365730614807 -95.30262488528393,30.13799667045917 -95.30100752102732,30.137651046784516 -95.30012775647043,30.137947959296593 -95.29720951306223,30.13807785823967 -95.29420543896555,30.137632489722886 -95.29068638073801,30.13781806018249 -95.25959421383737,30.13798507329777 -95.25207866417765,30.133498817286117 -95.24456311451792,30.131090908097157 -95.2366184114158,30.12957375596098 -95.22884536969065,30.12968974700861 -95.22798706280588,30.131397119461873 -95.2264421104133,30.13607368408663 -95.2198331474006,30.146428145770145 -95.21790195690988,30.151957502781915 -95.21524120556711,30.153182083551258 -95.21403957592844,30.1564475579369 -95.21228004681467,30.160232404313977 -95.20813130345161,30.162277121070616 -95.20120788800119,30.17537033694218 -95.1978259569646,30.181001867712535 -95.1956801897527,30.185379311623425 -95.19241862359058,30.190053316636902 -95.1894145494939,30.196284978269176 -95.18409304680836,30.201774448664867 -95.1792006975652,30.206670204542736 -95.17671160759937,30.211343198889544 -95.17216258111011,30.219279363306264 -95.16752772393238,30.22484171372747 -95.16555361809742,30.22958800399633 -95.16345959468994,30.232864060791957 -95.16071301265869,30.23849979512823 -95.15770893856201,30.243171277339023 -95.15350323482666,30.248658131581088 -95.15048460943774,30.253624418887046 -95.1429315088518,30.262520919258968 -95.13440109508126,30.274401872725885 -95.1272771479377,30.285297668434055 -95.12092567699044,30.292560860062792 -95.11182762401192,30.305825913518362 -95.11732078807442,30.29619225419533 -95.11466003673165,30.30419566848193 -95.10006881969063,30.334276732332672 -95.11809326427071,30.29767441723935 -95.10581947581856,30.3177555178572 -95.13071037547677,30.278849282404636 -95.12847877757638,30.283592963910614 -95.12216799639522,30.289636586183132 -95.1202368059045,30.293898029402133 -95.11791937731563,30.29619542631757 -95.11611693285762,30.299196783135002 -95.11341326617061,30.303568965704372 -95.11058085345088,30.307088801519992 -95.10860674761592,30.310904901761205 -95.10646098040401,30.313831712913625 -95.10543101214229,30.317795735479205 -95.10426949924319,30.321907776331777 -95.10296058124392,30.32576034268067 -95.10126542514651,30.330946250407457 -95.09738158649294,30.344132035867062 -95.07845009070634,30.365820479389846 -95.05939567786454,30.39773342215124 -95.04175600890585,30.425865469245146 -95.0294822204537,30.44577226934811 -95.01901087645956,30.470187699282057 -95.01677927855917,30.473442627627236 -95.0166934478707,30.476919362723272 -95.01506266478964,30.48010009671861 -95.01274523620077,30.484834019980514 -95.01181220595106,30.48881503601699 -95.00348662916883,30.510261862546173 -94.96614759290186,30.544605274228825 -95.13695066297022,30.548818639218815 -95.24226491773096,30.55033392753412 -95.28668229901758,30.552274201208068 -95.30088727796044,30.57786370461001 -95.4131538184878,30.869382326215945 -95.66206281506983,30.82863313976986 -95.6861608083908,30.805972846828276 -95.67180665327436,30.790975646875875 -95.65232308699018,30.778071674051343 -95.61387093855268,30.7520372499397 -95.57559045149213,30.732783474154328 -95.60957940412885,30.749824368008866 -95.64537080122358,30.772762108277405 -95.6317237217558,30.76435469656647 -95.61820538832075,30.755430236804372 -95.59764893843061,30.741414952958063 -95.59794988550419,30.74219076911945 -95.59778122363285,30.74200412607185 -95.5861582892351,30.734289250775955 -95.57668112204925,30.726463085655908 -95.57291530059234,30.708984516880466 -95.56701444075958,30.676444731392145 -95.55250905440704,30.667087628522804 -95.54651163504974,30.64945062529821 -95.53819678710357,30.645444703643882 -95.50848985171677,30.643966807240464 -95.50869906401994,30.634703490224794 -95.50521219230058,30.61609571291287 -95.5041714952028,30.594070220173304 -95.50016963935258,30.569433772184688 -95.49488032317521,30.539342008087768 -95.49198890185716,30.51822046514818 -95.49217129207017,30.511061849768318 -95.49105394590329,30.507900614903633 -95.49210537183713,30.504087585236604 -95.49206782091092,30.50094461202083 -95.49255598295163,30.497584291556002 -95.4922448467059,30.494940326458114 -95.49347329843472,30.490983489218166 -95.49545276868771,30.482976873109457 -95.49594198701685,30.480207232875802 -95.49528557622011,30.47692185014985 -95.49500662648256,30.473764129245716 -95.49541432225283,30.469010746453147 -95.49513000809725,30.46511564968823 -95.49575363628573,30.46180661840464 -95.49526010982699,30.45636869804041 -95.49564634792513,30.45242879063075 -95.49476658336825,30.445362454398463 -95.49410139553255,30.440719111653532 -95.49510990612215,30.432079315754518 -95.49279247753329,30.427398335785515 -95.49197708599276,30.42260611175374 -95.48820053569979,30.410855840659774 -95.48661266796297,30.40580371447971 -95.48624788753695,30.400196103493293 -95.48654829494662,30.39601331929622 -95.48579727642245,30.392441153816613 -95.48553978435702,30.389868373407253 -95.48568998806185,30.388221017997317 -95.48620497219271,30.387054895692696 -95.4868701600284,30.385500044303917 -95.48566853038973,30.384241336963147 -95.48603331081576,30.381446208275502 -95.4859689377994,30.379169322513807 -95.48599039547152,30.377217438444102 -95.48573290340609,30.375107064575808 -95.48545395366854,30.37366309830967 -95.4854110383243,30.372607878704255 -95.48504625789828,30.370552944681904 -95.48483168117708,30.3689978307664 -95.48493896953768,30.36796107441523 -95.4850677155704,30.366350377565517 -95.48478876583285,30.362092085703146 -95.48472439281649,30.361666246319373 -95.48466001980013,30.36107377104906 -95.48476730816073,30.360610897246907 -95.48453127376742,30.360073960892365 -95.4844025277347,30.359481475976956 -95.48453127376742,30.35916671690604 -95.48435961239046,30.358685318720752 -95.48425232402987,30.358240949062388 -95.48420940868563,30.35770399969861 -95.48431669704622,30.356833765160253 -95.48423086635775,30.356296808072567 -95.48403774730868,30.35587094345908 -95.48423086635775,30.35533398108676 -95.48398669018064,30.354297411923955 -95.484051063197,30.353269757933834 -95.48402960552488,30.352936462429778 -95.48392231716429,30.352556874500685 -95.4839437748364,30.35186250252688 -95.48409397854124,30.35128848464137 -95.48389221897793,30.350933801608754 -95.48387612572384,30.350392182907868 -95.48393513432217,30.349730200424407 -95.48379029503536,30.349355229338617 -95.48361863365841,30.348952481016404 -95.48353280296993,30.34854973103671 -95.48340942135525,30.3480405045515 -95.48329676857662,30.3476423801811 -95.48311974278164,30.347105372650677 -95.48277273388497,30.346229108299635 -95.4820753595411,30.34458564705928 -95.48168099022872,30.343483526156312 -95.48142886258132,30.3424002032895 -95.48092997170455,30.34129236325727 -95.4807744035817,30.339968270708077 -95.47983026600845,30.338371002366504 -95.47869300938613,30.335407884836545 -95.47756111718185,30.33272711218299 -95.47592496968277,30.328096934760364 -95.47474479771621,30.32587900223284 -95.474165440569,30.32286457083183 -95.47225570775039,30.317895881604407 -95.47161197758682,30.314552409285486 -95.46995973683364,30.310097356159606 -95.4689619550801,30.306711936097745 -95.46821630097396,30.30572546475101 -95.46798563099868,30.304882556486348 -95.46757793522842,30.30297440770686 -95.46693956948288,30.30165906022484 -95.46682691670425,30.300237168274364 -95.46596860981948,30.298768938986367 -95.46531415081985,30.297467430289437 -95.4651555504363,30.295498923460244 -95.46443135400227,30.29384071528137 -95.46397537846974,30.2917933916467 -95.46344966550282,30.290162913296207 -95.45748979707173,30.279832832674074 -95.45670049671082,30.276647367059212 -95.45672731880097,30.27519731580449 -95.4567380010368,30.27193118769298 -95.45686457507247,30.247747503546 -95.45792672984237,30.24299282140919 -95.45844171397323,30.24003609019587 -95.4586348330223,30.236615810533166 -95.45864597965101,30.233945158385723 -95.45822755504469,30.230218763374168 -95.457533817573,30.221995936623994 -95.4561788980995,30.207309254511216 -95.4535288755928,30.196965823938452 -95.45131834546191,30.18668183985794 -95.45178893397154,30.17753625617346 -95.44938622389401,30.168313883571553 -95.45024453077878,30.1631564895784 -95.4492574778613,30.15888937692793 -95.41136569987154,30.159802273770378 -95.37381724463569,30.160418318168322 -95.37006215201484,30.160381212606428 -95.3679485713111,30.160464700101087 -95.36477283583747,30.16065022761401 -95.3615541850196,30.160789373019572 -95.3600220746643,30.160689463826074 -95.35622406669921,30.16128314928518 -95.34864950844116,30.162600376132733 -95.34064579674072,30.162322090236817 -95.33948708244628,30.14061337062257 -95.33283520408935,30.142450447306874 -95.33116150566406,30.142005098524066 -95.32905865379638,30.142134992126653 -95.32789993950195,30.14215354834167 -95.32603312202758,30.141207176928045 -95.3254752225525,30.141040169265786 -95.3192095822937,30.139574200989863 -95.32036829658813,30.13987110771585 -95.31682778068847,30.1387205891767 -95.31523479514931,30.138584067983423</coordinates></LinearRing></outerBoundaryIs></Polygon></Placemark><Placemark><name>TX - LIBERTY B (JOSUE)</name><ExtendedData><Data name="name"><value>TX - LIBERTY B (JOSUE)</value></Data></ExtendedData><Polygon><outerBoundaryIs><LinearRing><coordinates>-95.22422879179015,30.139494527957314 -95.22586904170112,30.137225037103843 -95.22662242693275,30.135173065334072 -95.2274974187485,30.13193205755157 -95.22845824125271,30.12950752473528 -95.2098496667843,30.129087289076352 -95.19343871884588,30.131116456130368 -95.18008340356808,30.143265254623188 -95.17342288199144,30.147248583097007 -95.16001961344341,30.149481955019855 -95.1146873287821,30.14577768493703 -95.10230034735008,30.1515803735608 -95.08095961202514,30.152794915479447 -95.0655256411522,30.1470008094802 -95.05481235814551,30.13775481400799 -95.0348663715083,30.109181349362743 -94.98059559710912,30.050150761714015 -94.96636483888427,30.031702498444776 -94.92903705742812,30.131362553126294 -94.83952421737818,30.156439297870445 -94.63137615460289,30.16051485820096 -94.64913446389784,30.30993047329496 -94.72215728882679,30.51906075406894 -94.96443823143147,30.54518431214691 -95.00323884558055,30.511330919934583 -95.02555996754212,30.451720303076804 -95.07876625314138,30.36545561986936 -95.09700527444265,30.343865821706007 -95.10683101794245,30.31419716660092 -95.14065017953298,30.2660586437585 -95.16292324319265,30.236364500259445 -95.16532650247,30.23150730084534 -95.17232170358083,30.221616648719653 -95.15567055001638,30.24516121935426 -95.12919178262136,30.280856631921154 -95.13462735792939,30.27351844797575 -95.1473227318827,30.25711781198294 -95.15664420110134,30.24362986028007 -95.11191757288611,30.304110195459323 -95.11423500147498,30.30203529712185 -95.1158228692118,30.299552771769793 -95.11835487452186,30.297181345572376 -95.12050064173377,30.293142378318613 -95.12444885340369,30.28699097102096 -95.12685211268104,30.28395218170138 -95.13663681116736,30.271017745190143 -95.13809593287147,30.268349110646955 -95.10912807551063,30.307037209511975 -95.10801227656043,30.309964136164616 -95.10625274744666,30.311483139595747 -95.11127384272254,30.305184679124974 -95.1207581337992,30.291660146778984 -95.13049991694129,30.279319699814625 -95.13298900690711,30.274946436244868 -95.15964210588106,30.241213491197602 -95.1637727918752,30.23473697438013 -95.16862222577413,30.224929471676997 -95.18246242429097,30.20577513903453 -95.18252679730733,30.20484792280299 -95.1828046349758,30.203185775335015 -95.18372429451688,30.20142683188402 -95.14349115929349,30.263421958749852 -95.15376938423856,30.2477785518761 -95.15969170174344,30.238769488303202 -95.16657961449368,30.22835057035502 -95.17181528649076,30.22015555676351 -95.17589224419339,30.214426058016166 -95.1800550325845,30.207361071084126 -95.18265141091092,30.203893293500492 -95.18413199028714,30.201000294659906 -95.18838060936673,30.196809004505226 -95.19325150093778,30.18824041369138 -95.19580496391995,30.184419546289856 -95.19814385018094,30.180672726566335 -95.19981635024101,30.17878813454082 -95.20142567564994,30.17682188699808 -95.20872128417045,30.16528330423655 -95.2106739323333,30.162834428036827 -95.2164031307891,30.153149639915483 -95.22120964934379,30.146766807523512 -95.22480442415058,30.14099301072991 -95.22565261692614,30.13818803417569 -95.22786275715441,30.132379535108353 -95.22861377567858,30.129465878094642 -95.20442402660575,30.172326930501338 -95.20296490490165,30.17436746837293 -95.20408070385184,30.17214142496335 -95.20695603191581,30.167225400982378 -95.20830786525931,30.16620506339348 -95.20521796047416,30.1714179500291 -95.19051945507255,30.193787563606598 -95.17998373806205,30.208957428141034 -95.18573439418998,30.19964808178057 -95.189628210075,30.194121399960416 -95.19134482384453,30.190820079608056 -95.19149502754937,30.189429040701164 -95.20338257790337,30.173625459489966 -95.2112441729006,30.161740825938136 -95.21798188194602,30.151703397113423 -95.22176916107504,30.145088525645004 -95.2234535883364,30.143038103768635 -95.22540623649924,30.138816512796133 -95.2273803423342,30.13334209294297 -95.22839958175986,30.13106872767932 -95.22684390053122,30.13425142438843 -95.22591049179404,30.136840189465953 -95.21754199966757,30.152096832898977 -95.21881873115866,30.14936930675967 -95.220320768207,30.147374639560848 -95.22901112541525,30.13009820689629 -95.22709066376059,30.13533155951035 -95.21499926552146,30.154527421889686 -95.22036286085677,30.147759553147342 -95.2272534347361,30.134031221807934 -95.22850870855507,30.129929875950083 -95.22403937806266,30.142322936177674 -95.20548999078926,30.17004058433951 -95.20636439092812,30.168793023935244 -95.21222233541664,30.160574499097386 -95.2197968936747,30.14809698668194 -95.225075481016,30.14060044332476 -95.22827267416176,30.13031032470424 -95.22589597101933,30.13627705530895 -95.22206577654606,30.142131715555223 -95.21910461779362,30.147373707704002 -95.21612200136906,30.151743367935374 -95.21069321032292,30.161001583726666 -95.2021530568195,30.17298587860322 -95.1972714364124,30.181806204883543 -95.19471797343022,30.186248530778123 -95.19262048598057,30.18878956240339 -95.19097360964543,30.191553091718994 -95.1890424191547,30.19496566520214 -95.18715414400822,30.19809993556015 -95.18601423123671,30.199035289180692 -95.17860867820639,30.208760728246503 -95.17603375755209,30.212710451694086 -95.17187096916098,30.22266750143522 -95.19504525504965,30.18530018436039 -95.18530347190756,30.20034153983283 -95.1996689586614,30.17894252614613 -95.22510508029893,30.13945718476918 -95.22639254062608,30.13504058651394 -95.22828081577256,30.130957840914768 -95.22600630252794,30.136933438539348 -95.2228305670543,30.14309423491982 -95.2239463660045,30.139382957860104 -95.22708846768889,30.133746032057992 -95.22953464231047,30.12639687202207 -95.22704555234465,30.134525456334497 -95.22481395444426,30.13823691607049 -95.22459937772307,30.139424553708306 -95.22073699674162,30.146141860030145 -95.2231559081842,30.141090392394542</coordinates></LinearRing></outerBoundaryIs></Polygon></Placemark><Placemark><name>Eastern Shore- VA</name><ExtendedData><Data name="name"><value>Eastern Shore- VA</value></Data></ExtendedData><Polygon><outerBoundaryIs><LinearRing><coordinates>-75.21908479423814,38.01827777620873 -75.28053956718736,38.01458922009004 -75.3230006653016,38.01198338464713 -75.37804147179838,38.00859495279059 -75.38964081102301,38.00789331331333 -75.40112066560675,38.00718321351158 -75.4105834990113,38.00659554766307 -75.42381215387275,38.00579244387684 -75.4381029635041,38.00491458577936 -75.45373487764289,38.00395929206773 -75.4674248724549,38.003113889021996 -75.48170208587578,38.00225156787404 -75.49600362434319,38.00136387374699 -75.51012277259758,38.0005015320196 -75.52289008750847,37.999723724900804 -75.5368161167138,37.99886981845561 -75.55220126762322,37.99791444599473 -75.62486091786582,37.99351658438215 -75.6716194704394,37.97736360109648 -75.7107630966089,37.963763409478325 -75.82337991332213,37.92417283295006 -75.89822427367369,37.90548377389451 -76.14606086473555,37.148622846973346 -75.97027961473555,36.98644692392013 -75.5006140873918,37.08291764690283 -75.21908479423814,38.01827777620873</coordinates></LinearRing></outerBoundaryIs></Polygon></Placemark><Placemark><name>TX - CITY EAST (JALEN)</name><ExtendedData><Data name="name"><value>TX - CITY EAST (JALEN)</value></Data></ExtendedData><Polygon><outerBoundaryIs><LinearRing><coordinates>-95.23557507841512,29.79119037611698 -95.2343967735468,29.79201996141122 -95.23301778283702,29.792913799578237 -95.23156134334194,29.79365982245683 -95.23070571866619,29.794107899047425 -95.23026985970127,29.794031086060073 -95.22916218877825,29.79492556136196 -95.22976333887371,29.794481561831866 -95.23302054644617,29.792987776996895 -95.23010518555719,29.794479659922406 -95.22873021816093,29.795295500284634 -95.22761173700172,29.795669085448324 -95.22675879453499,29.796571037649375 -95.22572480295975,29.797162248358298 -95.22500665420613,29.79811300601504 -95.22303825442037,29.79970560457544 -95.222020441507,29.80076011040729 -95.22095971324941,29.801134976873055 -95.20998554047279,29.812723075582326 -95.20704887822956,29.816934729949683 -95.20473448847777,29.818856377057234 -95.18710235967002,29.827102147551088 -95.18248359574638,29.829773390211894 -95.17947415723167,29.831104331155988 -95.1776609839376,29.831941977205698 -95.17701725377403,29.83311466987754 -95.17772535695396,29.834529328433717 -95.18008570088706,29.837637784102476 -95.18197397603355,29.839312959622205 -95.18347601308189,29.84095088185501 -95.18600801839195,29.846125050628956 -95.186737579244,29.850107861244204 -95.18489221944175,29.84341278358006 -95.1812444151815,29.839243576924236 -95.17557958974204,29.833101125078034 -95.16116003407798,29.83950415743888 -95.13635496510825,29.849591823295547 -95.10944704427085,29.859827342812707 -95.10072952167798,29.863707185799917 -95.11124378101636,29.8821277593492 -95.11373287098218,29.88640679954451 -95.1160073842268,29.890536829376252 -95.11866813556958,29.894592277738592 -95.12086965774242,29.898387135001755 -95.12305834029857,29.90322350832156 -95.12621004417274,29.907659368873407 -95.12925703361365,29.913090466386972 -95.1327760918412,29.918967621788145 -95.1382692559037,29.92850796129087 -95.14633734062049,29.93626230035209 -95.21289903953407,29.934291230674962 -95.23560125663612,29.93391932635722 -95.24366934135291,29.934700323818994 -95.25534231498573,29.9347375140214 -95.27126390769813,29.93946055674154 -95.27834493949744,29.940948082820707 -95.29563982322547,29.939981193399426 -95.30066091850135,29.93979525204873 -95.3365962636735,29.939064656604483 -95.38097072961588,29.93861839266739 -95.37573505761881,29.914926342241355 -95.36968399408121,29.890931001668 -95.36526371362467,29.872921401072063 -95.36329623157486,29.865176497108596 -95.36293145114884,29.863501755506668 -95.36222334796891,29.860896546035267 -95.36119337970719,29.85630004634142 -95.35871501857743,29.846501537896156 -95.35464878971085,29.830522230669935 -95.35566802913651,29.821661315308518 -95.35450395042405,29.81816140963535 -95.351794919319,29.8151082003625 -95.35110882162104,29.813010958203215 -95.34381376091036,29.810466834377085 -95.34201241207204,29.81003309060045 -95.34119702053151,29.809697959578283 -95.34003830623708,29.80930697196617 -95.33570385646901,29.808767034179297 -95.33544636440358,29.80865532254914 -95.32377339077077,29.809437301340044 -95.31235790920339,29.809809670043776 -95.30274487209401,29.807985050147472 -95.29626465511403,29.80444742694395 -95.2934322423943,29.80455914327413 -95.289054877282,29.804521904511244 -95.28587914180837,29.804261232783023 -95.28218842220387,29.803888843421433 -95.27828312587819,29.801356558996986 -95.2685413427361,29.79312619193355 -95.26489353847585,29.78407573091934 -95.26240444851003,29.77681242348253 -95.25566673946462,29.77569494480387 -95.2546367712029,29.77740840701226 -95.25377846431813,29.7784886181188 -95.2515039510735,29.78012753685478 -95.25013066005788,29.782325135783136 -95.24759865474782,29.783442540467615 -95.24571037960133,29.785342099807927 -95.24373627376637,29.786645698106508 -95.24335003566823,29.787316113478045 -95.24219400358281,29.787518633905172 -95.24149931144795,29.78813317614118 -95.23997713173706,29.788895926751866 -95.23928646291573,29.789195046884863 -95.2390303119548,29.789565163166134 -95.23749072398026,29.79038802684972 -95.2362019225486,29.791278387995504 -95.23860048796017,29.789637615013856 -95.23782834704001,29.790234686075124 -95.23705584850894,29.790829328640736</coordinates></LinearRing></outerBoundaryIs></Polygon></Placemark><Placemark><name>TX - BAYTOWN (SEAN)</name><ExtendedData><Data name="name"><value>TX - BAYTOWN (SEAN)</value></Data></ExtendedData><Polygon><outerBoundaryIs><LinearRing><coordinates>-95.14639234510159,29.9514686089292 -95.14787185403874,29.951279841394737 -95.14670187568872,29.94209354259146 -95.13744798697759,29.92738410851224 -95.1342022464598,29.92159972562369 -95.13161659696944,29.917145512165643 -95.12147784689314,29.899894016481518 -95.10051370123274,29.86307463967923 -95.09974122503645,29.86322350737475 -95.14666915396101,29.94237102408622 -95.14784932592757,29.951537281478927 -95.00678658941634,30.012946126224854 -94.98404145697005,30.022607497143895 -94.97743249395735,30.026025910617356 -94.97296929815657,30.02840386786273 -94.96747613409407,30.029890062173468 -94.9289381549681,30.131938224237185 -94.84096169927962,30.15702563218537 -94.63067651251204,30.160587823679148 -94.60001463110711,29.94506044293705 -94.6017911799925,29.93658025395298 -94.59973124346907,29.94550533518518 -94.59011820635969,29.900276676156967 -94.5827367671507,29.856367386735332 -94.64687878666743,29.76821623459125 -94.93625066034588,29.611247206598943 -94.95680889235499,29.68310104558621 -94.96432085971566,29.688712888517983 -95.00285883884163,29.704071819633192 -95.00963946323128,29.70720296400222 -95.0199820611927,29.71286859612254 -95.03942271213265,29.736198684663847 -95.04174014072152,29.739179774720366 -95.04111786823006,29.740507262871578 -95.04372497539254,29.742437911644576 -95.0569750879261,29.747051289715763 -95.06482859592171,29.760287083036623 -95.066502294347,29.768380454205666 -95.06937762241097,29.775281189788323 -95.07061143855782,29.780002471754923 -95.06708165149422,29.785356713454863 -95.06070872287484,29.79226558997221 -95.06218930225106,29.798326758664988 -95.07178088168831,29.800603093538026 -95.07710238437386,29.802041487028855 -95.07940908412667,29.807245598776515 -95.0837381694767,29.8095310399221 -95.08300324420662,29.811518539965185 -95.0844945524189,29.814981443321543 -95.08607169131966,29.821199474104283 -95.08733769397469,29.825816204833494 -95.09001990298958,29.83128898838376 -95.09184380511971,29.839944309579298 -95.09182234744759,29.845732718782912 -95.09186526279183,29.85165106680156 -95.0939144704792,29.865803429099238 -95.09527703265877,29.86491954675433 -95.09219611163982,29.866472626254314 -95.09102492343946,29.86692782994227 -95.08731274616285,29.86851878050254 -95.08639006626173,29.86841643941706 -95.09086507015488,29.86656189797912 -95.11563903187275,29.857468480867645 -95.11014586781025,29.859292197279984 -95.09794718121051,29.86384805236267 -95.08952504490375,29.867696612630247 -95.09909516666889,29.86297016676263 -95.07351762150287,29.876348777864862 -95.08480435703754,29.869371283823316 -95.06304996554613,29.885295246075945 -95.051251933918,29.905383282671426 -95.0305311987257,29.937217157057272 -94.92557501886844,30.018543532710066 -94.93752023671627,30.009242937786723 -94.94006699417591,30.007745981939316 -94.9504266912198,29.999813422936004 -94.95783813764214,29.993839849325685 -94.97160105501175,29.983851440305767 -94.98659560923338,29.97190201272757 -95.0093149254179,29.954299510407957 -95.01899635885715,29.946796418987493 -95.02681499813556,29.940974364403967 -95.03284326289653,29.93381892960515 -95.04161810968876,29.920860669866457 -95.04893383477688,29.909277121971897 -95.05848115776539,29.893078819784492 -95.0646903039968,29.882786682136334 -95.07740791422188,29.87324915907012 -95.08016916458368,29.872195774062714 -95.08348152507901,29.870219220765357 -95.09640692268371,29.865563110591744 -95.09789756034374,29.864355327018494 -95.13237869833469,29.85181607662354 -95.11630556081295,29.85669541749399 -95.10040408466816,29.862765473104268 -95.1002324232912,29.863212076908383 -95.10122264802958,29.86303149355476 -95.09963795211367,29.863241687977606 -95.14640154707072,29.94223239039761 -95.14724205998812,29.9467558275323 -95.14688094326684,29.951725266068614 -95.14701701670903,29.95208905421249 -95.14698142877427,29.95200663715702 -95.14742949634768,29.951258742405287 -95.14552385617657,29.95261384126404 -95.14759861418356,29.951737916307057 -95.14722469189363,29.95168123496312 -95.14770907648847,29.951624553586843 -95.14765086137622,29.95152184507359 -95.14802179970634,29.951456320406077 -95.14551740997251,29.952134472303044 -95.14734747000676,29.95169711018565 -95.14619510360097,29.951953774563695 -95.1444747687534,29.95280478324463 -95.14628157590435,29.95214332168982 -95.14467359123164,29.952811315378526</coordinates></LinearRing></outerBoundaryIs></Polygon></Placemark><Placemark><name>PG2 TOP</name><ExtendedData><Data name="name"><value>PG2 TOP</value></Data></ExtendedData><Polygon><outerBoundaryIs><LinearRing><coordinates>-76.95669975786589,38.85167279030196 -76.95541766195677,38.852065489394136 -76.95454326181792,38.85231614725556 -76.95352402239226,38.8524331206219 -76.94951143770598,38.851881673067695 -76.94541302233122,38.849859662125155 -76.94206562548064,38.84688502916225 -76.93614330797575,38.84558149911901 -76.93313923387907,38.84437821941894 -76.93107929735564,38.84123622648257 -76.92648735552214,38.837525822130445 -76.91751804857634,38.83481810766879 -76.9110807469406,38.83435009719694 -76.89949360399626,38.83602154903665 -76.89537373094939,38.83622212061956 -76.89065304308318,38.83565383299988 -76.89528790026091,38.83627226342697 -76.89528790026091,38.836489548517505 -76.89511623888396,38.83642269163724 -76.89528790026091,38.83622212061958 -76.89065304308318,38.83568726180901 -76.8798155758589,38.83208360590004 -76.87445115782911,38.83074637358569 -76.86651181914503,38.82981029601844 -76.85732793547804,38.82981029601844 -76.85612630583935,38.82894107011256 -76.850118157646,38.822187491910384 -76.84805822112256,38.820783202134116 -76.84471082427197,38.81924513869831 -76.82505559661084,38.814162605883986 -76.81544255950146,38.810885517415244 -76.80737447478467,38.812423761390484 -76.79741811492138,38.813426946086565 -76.7889208767622,38.811621203460874 -76.7739005062788,38.81182184379101 -76.76900815703564,38.81142056256559 -76.76471662261181,38.81035046824611 -76.7596526119917,38.80948100477489 -76.75724935271435,38.80974853312709 -76.74978208281689,38.812825036964384 -76.74703550078564,38.8136275813303 -76.73836660124951,38.81402885012235 -76.71227407195263,38.811621203460874 -76.6995711300581,38.80921347541801 -76.67656850554638,38.795835726637 -76.66901540496045,38.79128671992626 -76.66832875945263,38.79503298184291 -76.66283559539013,38.801722245528666 -76.65936837078438,38.80356551468202 -76.65675053478584,38.80470259764973 -76.6519869315754,38.806374745519285 -76.64512047649727,38.808816010932816 -76.64198765636787,38.81025397743604 -76.63911232830391,38.81165847483617 -76.63353333355293,38.813698290790605 -76.63319001079903,38.81406612023782 -76.63319001079903,38.81563773375102 -76.63106603906965,38.815566301651316 -76.6299931554637,38.81615982811566 -76.6279224901042,38.81799053351682 -76.62694499924812,38.82052044233862 -76.62580774262581,38.82244298201131 -76.6233833130945,38.825400091481484 -76.62099078265321,38.82758160258632 -76.6161091622461,38.82965439411544 -76.61313431111253,38.83073255617016 -76.6100658639995,38.8333484938958 -76.60799649565072,38.83674990491816 -76.60666346353912,38.84161979616005 -76.60666346353912,38.84596504537209 -76.60486473391745,38.8457808740961 -76.60364164660666,38.84590621420992 -76.60092725108359,38.84669167389551 -76.6001761156523,38.847020781234455 -76.59982780064367,38.84733959958263 -76.59748891438268,38.85063172116383 -76.59686664189122,38.85104949219631 -76.59609416569494,38.85145055007913 -76.59563282574437,38.85199364569102 -76.59525731648229,38.852795748548466 -76.59478524769567,38.853246927430824 -76.58883054529954,38.85659294334759 -76.58812244211961,38.85678510222115 -76.58736605917741,38.856805989023954 -76.58643265044023,38.856768392774505 -76.58295497267385,38.856627564161926 -76.5805517133965,38.85661085467825 -76.57789096205373,38.85679465878266 -76.5760670599236,38.85657743569915 -76.57357796995778,38.856076149127944 -76.5710245069756,38.8551738243957 -76.56913623182912,38.85412109773899 -76.56767640542576,38.85326416227939 -76.56623874139378,38.85272943156764 -76.56447750504422,38.852187290937906 -76.56224590714383,38.85192827732998 -76.56109792168546,38.851844724352055 -76.55970317299771,38.8514353133414 -76.55894142563749,38.85099247837093 -76.55731064255643,38.84963053467467 -76.55981153755681,38.84414059899143 -76.5611419132282,38.84016293299491 -76.54530615120427,38.83528246759769 -76.47625861528317,38.892309164039695 -76.47648867460563,38.897203964742545 -76.52687171013945,38.93484671179028 -76.5403900435745,38.93149172373068 -76.5274939826309,38.939236332098204 -76.57337485922115,38.95678160982754 -76.57526313436763,38.95344434636765 -76.58530532491939,38.950907921033135 -76.59054099691646,38.94963967432677 -76.59429608953731,38.94880528911807 -76.5968710101916,38.948171149790625 -76.59802972448604,38.947804013902854 -76.59884511602657,38.94777063781883 -76.59948884619014,38.94787076602392 -76.59974633825557,38.947570380984246 -76.60030423773067,38.94787076602387 -76.60116254461543,38.94800427007738 -76.60155709930653,38.948002663548245 -76.60181459137196,38.94796928755767 -76.60215791412587,38.9479359115514 -76.6204613084435,38.95584558554877 -76.63859304138417,38.96358753378929 -76.65696080871815,38.960484181981414 -76.66957791992421,38.95761429482538 -76.677646004641,38.956079191191016 -76.69146474548573,38.95567872390425 -76.70708593078847,38.955545234305774 -76.71738561340565,38.955078018730894 -76.71807225891347,38.94773565518378 -76.71764310547108,38.9344507194353 -76.7160981530785,38.92510304197024 -76.71729978271718,38.91435169004322 -76.7172139520287,38.90453381563392 -76.71790059753651,38.89856745334706 -76.72682698913808,38.900170599078066 -76.73729833313222,38.900972158370884 -76.74364980407948,38.90310960558107 -76.7470401162743,38.90300941418052 -76.75231870361561,38.90240826280802 -76.75987180420155,38.90180710634568 -76.78274568268056,38.90033759134359 -76.78729470916981,38.900838565783786 -76.78995546051259,38.900838565783786 -76.7946761483788,38.89973641734971 -76.79720209980886,38.899135836192265 -76.80293129826467,38.898768446472026 -76.80975483799855,38.897432467829766 -76.8122653856365,38.897599466534594 -76.81893872166555,38.898735047312286 -76.8252359690193,38.89906903820269 -76.82862628121413,38.89901893966929 -76.83068621773756,38.89868494854322 -76.83205950875319,38.898183958908724 -76.83499920983351,38.89656406823415 -76.83886159081496,38.8947938361723 -76.84718716759718,38.89205489962079 -76.85062039513625,38.9033773798485 -76.84974063057936,38.907126092331175 -76.84980500359572,38.91107496732713 -76.85060966630019,38.914852490973345 -76.85180593152083,38.91724203608709 -76.85278762002028,38.917027084667176 -76.85570586342848,38.91703543230725 -76.85971844811476,38.9179035815172 -76.8646966280464,38.92075003471172 -76.86924565453566,38.923796698265406 -76.87443841118849,38.92615046928959 -76.87709916253127,38.92225251528001 -76.87845099587477,38.92025337441602 -76.88010323662795,38.91838773704035 -76.8881716924312,38.91287344669723 -76.8908914523723,38.91067994186148 -76.89331080490373,38.908352790789365 -76.89883615547441,38.90409902063096 -76.90096046501421,38.901435588271596 -76.9072985249164,38.8959560343166 -76.90910901600145,38.89521913252199 -76.91002633148454,38.89471394330454 -76.90937723690294,38.89288938703198 -76.91267635399126,38.89012950003225 -76.91310550743364,38.88998753622778 -76.91267635399126,38.890313217475814 -76.91207553917192,38.89022970960583 -76.9121171500872,38.890463734454165 -76.91177382733329,38.89086457001408 -76.91216006543144,38.89033012209822 -76.9124604728411,38.890263315826 -76.91233172680839,38.89028001739999 -76.9135762717913,38.88962865310617 -76.91344752575858,38.88979567016117 -76.9348837402056,38.87302519840834 -76.94647088314994,38.86395346339507 -76.96557250528716,38.84911601554543 -76.96364667921446,38.84951290654127 -76.96006593017958,38.85068894422674 -76.95790004640006,38.851310377248</coordinates></LinearRing></outerBoundaryIs></Polygon></Placemark><Placemark><name>PG2 BOTTOM</name><ExtendedData><Data name="name"><value>PG2 BOTTOM</value></Data></ExtendedData><Polygon><outerBoundaryIs><LinearRing><coordinates>-76.96466951760692,38.849226832844266 -76.9657102147047,38.84905554262884 -76.97438984307689,38.842199417589676 -76.983595184416,38.83497073367232 -77.00183420571727,38.82077865002199 -77.03882723245067,38.791917706412775 -77.04002886208934,38.74775089141596 -77.0407254876255,38.71554853429791 -77.05033852473487,38.70376078732139 -76.9967801751255,38.69666041104871 -76.958328026688,38.700411641066886 -76.84940888301124,38.71069302166505 -76.83046278551525,38.70938168570291 -76.81801733568615,38.70452575419976 -76.69442990239902,38.72535328070836 -76.67069781579117,38.73438444212892 -76.54456088158439,38.72826321207393 -76.53855273339103,38.73428921381024 -76.46586711836424,38.85681755035075 -76.5319567484912,38.85334190251441 -76.53470333052245,38.84264653616868 -76.54534633589354,38.83529253908192 -76.56113918257323,38.84020643047482 -76.55736263228026,38.84959870720189 -76.55883248282042,38.850852031139425 -76.5597122473773,38.85137006525017 -76.56107480955687,38.85177947663636 -76.56439001989928,38.852147109342425 -76.56756473992635,38.85317622301972 -76.57060262537765,38.854994278861646 -76.57322046137618,38.85596344445421 -76.57523748255538,38.856523215115665 -76.57800552225875,38.85674879309191 -76.5821121795403,38.85655334362884 -76.5880559547173,38.85683740454697 -76.58886898538677,38.85662669788176 -76.59489859125225,38.85316775101494 -76.5953171793487,38.85265590091256 -76.5957141462829,38.85192063885976 -76.59597163834833,38.851544649645724 -76.59743076005243,38.85066733375066 -76.59985708893844,38.84729276689184 -76.60014676751204,38.847033735461665 -76.60158443154403,38.846490601981465 -76.60330104531356,38.84598924431944 -76.60497474373885,38.845771988235335 -76.60666987021993,38.845976114574434 -76.60666414289479,38.84151074410485 -76.60777994184498,38.837524574110276 -76.60798378973011,38.836747370301566 -76.60884209661488,38.835276509755715 -76.6096574881554,38.83393098002049 -76.61008196205509,38.833300370839694 -76.61149816841495,38.83205509533854 -76.61297874779117,38.830851586904046 -76.61617594093693,38.8295895527312 -76.6210355473233,38.82763856884997 -76.62377037237387,38.825027902123914 -76.62580885122519,38.82251196366719 -76.62686709429981,38.82078094213198 -76.62797216441395,38.81793884227975 -76.6281458971953,38.81769642263061 -76.6292080519652,38.816776892322174 -76.63068863134141,38.81564836162617 -76.63135381917711,38.81553968735595 -76.63316699247117,38.81561492340684 -76.6331884501433,38.81381759601878 -76.636697427778,38.81246608872255 -76.63946546748137,38.81157993101516 -76.64402721993136,38.80919725067525 -76.65043233505892,38.80697337350327 -76.6570734845798,38.80462401432091 -76.65976573472884,38.803412109979625 -76.66235138421919,38.802116144916226 -76.66300584321883,38.80165628067954 -76.66593755397732,38.79796565919731 -76.66831935558254,38.79503902932464 -76.66901677295498,38.791246657068854 -76.69955083530911,38.80922342469767 -76.71240398090848,38.81168131253274 -76.73848244910194,38.81406242227905 -76.74702260260536,38.81367787324641 -76.75730641869237,38.80974326664565 -76.76002802325092,38.80936895348093 -76.76869830517593,38.81134384110196 -76.77356919674698,38.81180364281243 -76.7765625420076,38.81172840273562 -76.781019454706,38.81157792234361 -76.78677104001723,38.81135797729647 -76.7879190254756,38.81139141751432 -76.7904939461299,38.81179269890391 -76.79277918821059,38.8123528170636 -76.79497822144396,38.81282130807717 -76.79737075188524,38.81341485741631 -76.80740106037138,38.81242025768954 -76.8154758579105,38.810858497974905 -76.8250981184823,38.81414953650581 -76.84469783991793,38.81924277660762 -76.84784673384058,38.820684020143176 -76.85011897317735,38.82229923487295 -76.85186777345506,38.8239626111065 -76.85302648774949,38.825391913411 -76.85526448047625,38.82828875044328 -76.85958765550086,38.82953942009961 -76.86503790421912,38.829823588886484 -76.87059544129798,38.830208050733724 -76.87735460801551,38.83126113124712 -76.88371853613211,38.83286823404281 -76.8897695996697,38.83547573605508 -76.89500308787068,38.8362247164742 -76.89992762362202,38.83596982333291 -76.90296388422688,38.835581213999966 -76.90662241732319,38.83502127854174 -76.91119290148457,38.834277476866816 -76.91791988169392,38.834745487816214 -76.92451811587055,38.83640021613911 -76.92929944846968,38.839410908123206 -76.93265148185294,38.84361536963259 -76.93664243706233,38.84632590441899 -76.94091750566977,38.84703266055245 -76.94268489611329,38.848088830853804 -76.94646144640626,38.85106341348054 -76.94923417721932,38.85203673941867 -76.9514823582297,38.85260708082604 -76.95375687147433,38.852556949529415 -76.96449785622997,38.849360522481945 -76.96578531655712,38.848692071781144 -76.96505575570507,38.84915998793124</coordinates></LinearRing></outerBoundaryIs></Polygon></Placemark><Placemark><name>MOCO</name><ExtendedData><Data name="name"><value>MOCO</value></Data></ExtendedData><Polygon><outerBoundaryIs><LinearRing><coordinates>-77.02509553594642,39.29380005609126 -77.02312679452949,39.29654626579743 -77.02132971448951,39.299225947844796 -77.02043922109657,39.30101511298685 -77.02057333154731,39.3028727244611 -77.02079327268653,39.304730286636875 -77.02097566289955,39.308511674283 -77.02072889967017,39.31031720443492 -77.02061088247352,39.31208948412657 -77.02065379781776,39.31620664446522 -77.01957117196704,39.320600688109955 -77.01831688473936,39.32267057407469 -77.01632329441486,39.326677374535414 -77.02203103519855,39.328801947660835 -77.0832822593769,39.32814007762578 -77.20949401274203,39.32686530302085 -77.25807418241976,39.321420804407914 -77.33701051307041,39.30143822826211 -77.34739602637607,39.29698808930068 -77.3898757621836,39.278483918421074 -77.4591594197225,39.231729285259796 -77.4551253773641,39.22474812143887 -77.45503954667562,39.22029311111822 -77.46654085893148,39.211515248630235 -77.46860079545492,39.20473160327656 -77.46825747270101,39.19927760935941 -77.47492975883216,39.18999253316506 -77.50943369559974,39.17176273238068 -77.51527018241615,39.165906902954184 -77.51921839408607,39.146206444138755 -77.52042002372474,39.14194616025422 -77.5180167644474,39.127299467923955 -77.50874705009193,39.119974979335666 -77.48231119804115,39.11198375959219 -77.47063822440833,39.09373374414065 -77.4524421184513,39.0766783658382 -77.41330332450599,39.069481891349504 -77.36609644584388,39.06495040129216 -77.340003916547,39.06575009714745 -77.29965447106514,39.05263977915853 -77.24128960290108,39.024239757445464 -77.25158928551826,39.001831688657525 -77.23098992028389,38.99589502870651 -77.22704170861397,39.001431480049135 -77.22043274560127,39.0093685279716 -77.21381861564954,39.01501695496755 -77.21002577462349,39.01697958714279 -77.20884560265694,39.018204949464284 -77.20721481957588,39.02275610931459 -77.20558403649483,39.025573347169846 -77.20178602852974,39.02805709096711 -77.20160363831673,39.02949895588427 -77.20151244321022,39.03038656330172 -77.20112084069405,39.030907454483184 -77.19897507348213,39.03147417972802 -77.19689367928657,39.03187421834126 -77.1956920496479,39.03354102152319 -77.19476936974678,39.035041110775154 -77.19341753640327,39.03689117699773 -77.19298838296089,39.03884119436414 -77.19245194115791,39.041174477752826 -77.19240902581367,39.04190777947497 -77.1928810946003,39.043840992985764 -77.19245194115791,39.044974231482946 -77.19112156548653,39.04642408364014 -77.19047783532295,39.04734064149023 -77.18979118981514,39.048240523081354 -77.18764542260323,39.05037352994622 -77.18610047021065,39.05197324282148 -77.1831393114582,39.05417278886018 -77.17938421883736,39.056138991719045 -77.17798947014961,39.057821884580065 -77.17743157067451,39.06030449487593 -77.17657326378975,39.062737035054695 -77.17537163415108,39.06483628317196 -77.17294163696322,39.067986961806106 -77.16985173217806,39.069936120727306 -77.16813511840853,39.06820353767776 -77.16628975860628,39.06716230144311 -77.16525979034456,39.066674997608956 -77.16397233001742,39.066454252029864 -77.16040473297134,39.06716982686085 -77.15607028320328,39.067003227655704 -77.15119732205616,39.06656837711937 -77.14973820035206,39.06711815639125 -77.14827156520256,39.06815106344301 -77.14676952815422,39.06886742558586 -77.14385128474602,39.06945050568349 -77.14082575297722,39.07016685463764 -77.13925293403251,39.0712463032767 -77.13820469322188,39.07261115171773 -77.13854344783856,39.07381859825638 -77.14025549347086,39.07549244789431 -77.13997197559608,39.07648329533384 -77.13891598152502,39.07784059221526 -77.13759197610004,39.08053669414104 -77.13558132516725,39.08626403973639 -77.13395691233261,39.087793977154064 -77.13132164197548,39.08911699884572 -77.12759605365379,39.090730406346395 -77.12520888763054,39.091858728756634 -77.12187758403404,39.093153570974486 -77.11305311637504,39.095114524692065 -77.1035902829705,39.09831188641423 -77.09348371940239,39.10120937023828 -77.0869030001501,39.104361411505664 -77.08458557156123,39.10625961353292 -77.0797522309164,39.109177583185726 -77.07603468922176,39.1095646941916 -77.07563772228755,39.111670873806254 -77.0748139821176,39.11816014436226 -77.0740200482492,39.12127322525922 -77.07326902972503,39.123104385059136 -77.07174553500457,39.127465683062546 -77.06992897707826,39.13388020648785 -77.06742577364415,39.142357801280944 -77.06688256257668,39.14759570848941 -77.06682610870348,39.153544556402366 -77.06693397057607,39.15479870653477 -77.06655860469202,39.155736204979334 -77.06596866208673,39.156623774649326 -77.06474586153196,39.15851534873544 -77.0641247360645,39.15964250458469 -77.06309706185077,39.16139763473443 -77.06213605470144,39.162495385151914 -77.06096505892691,39.16449119200167 -77.06029676580317,39.16588737780916 -77.0602047245386,39.16651696398169 -77.05787487479755,39.17862203942575 -77.05826873644372,39.179751812464666 -77.05892009015528,39.18074850298906 -77.05987947482456,39.18021364265709 -77.06122509759197,39.18061023765372 -77.06162658278616,39.18120642612369 -77.06357584631677,39.18528761254956 -77.06552510984736,39.19023336978817 -77.06618941559128,39.19179392033603 -77.06655331392555,39.19355399687745 -77.06683138157132,39.195280770097675 -77.06699187306631,39.19616077020988 -77.06693778784013,39.197040759300464 -77.06599012189982,39.199125093877335 -77.06491018155971,39.2007661178281 -77.06373735379698,39.20354922256213 -77.06358002149058,39.2055743902359 -77.06356572835374,39.20653707132226 -77.06333685849572,39.20756624610002 -77.06259304044052,39.20882310904975 -77.06277901292118,39.20985101653476 -77.06275040868064,39.21061289360002 -77.06222113141293,39.211371839713514 -77.06150589963143,39.212224686050774 -77.06110540433015,39.213032580737 -77.06142021267777,39.217108804581855 -77.05984674587893,39.221184791780466 -77.05569979577413,39.234931025039394 -77.05534293449125,39.241404284304906 -77.05447785834201,39.24384302461989 -77.05559027265996,39.252240899602135 -77.05030999300251,39.25643945998496 -77.050588096582,39.26132984984982 -77.04798056634051,39.264838166319805 -77.04668478728898,39.2654712046532 -77.04508860082777,39.26573875368532 -77.04296911151131,39.26610772042218 -77.04203461438473,39.266579844826936 -77.0399510434104,39.268188581356654 -77.03827299142758,39.26974476493165 -77.0365905858872,39.271860346556466 -77.03631567959161,39.272304026549946 -77.03593752837736,39.27332426731752 -77.03530997198162,39.274999268999174 -77.03461275866519,39.27655525531339 -77.03420538494983,39.277075973835196 -77.03272512762851,39.27826109023281 -77.03193151581503,39.279047553034644 -77.03021554615532,39.28308690544113 -77.02947557852211,39.28476602246201 -77.02858540718408,39.28637866710026 -77.0276438460501,39.28845120288016 -77.02721984548621,39.28960684482353 -77.02659757299476,39.29163290300648 -77.02571780843788,39.29288670473108</coordinates></LinearRing></outerBoundaryIs></Polygon></Placemark><Placemark><name>PG1-B</name><ExtendedData><Data name="name"><value>PG1-B</value></Data></ExtendedData><Polygon><outerBoundaryIs><LinearRing><coordinates>-76.63970393478631,38.96344491666848 -76.67729777633905,38.95623690854124 -76.71735450098535,38.9551693115534 -76.71793571511493,38.94794152766669 -76.71776405373798,38.934723394995494 -76.71604743996845,38.924574469731326 -76.71742073098407,38.914824792738614 -76.71716323891864,38.90487339877457 -76.71793571511493,38.898461023404096 -76.72669044533954,38.90013096859137 -76.73699012795673,38.900999324568126 -76.74299827615009,38.902936388094666 -76.74677482644306,38.90300318244615 -76.75562114926917,38.902120894075885 -76.76457476045589,38.90147238028726 -76.78229959261627,38.900292229559646 -76.7898526932022,38.901026991331754 -76.79285676729889,38.9001586356933 -76.79671914828033,38.899223471591206 -76.80298478853912,38.898622288164866 -76.80882127535553,38.89752010533085 -76.81088121187896,38.897386506249134 -76.82002218020172,38.898822683205836 -76.8268457199356,38.89908987571409 -76.82895033559564,38.898985133922885 -76.83164327344659,38.89835054913817 -76.8344005843139,38.896814162490365 -76.83833682385902,38.89494683984352 -76.84726321546059,38.892141104686395 -76.85078227368813,38.9033633802694 -76.84958064404945,38.90723732548268 -76.84966647473793,38.91131141909486 -76.85069644299965,38.91478423229912 -76.8519839033268,38.91765585332192 -76.85292804090004,38.92136207611893 -76.85370051709633,38.924533914864526 -76.85438716260414,38.930743630645146 -76.85501579265474,38.93617328585078 -76.85613159160494,38.94064627270827 -76.85801986675142,38.94538599562686 -76.86229542570393,38.95245424276637 -76.86590031461995,38.95906196425815 -76.86809460604596,38.968018015152744 -76.87028889747195,38.97430389649171 -76.87656575547044,38.981403115769766 -76.88677960739915,38.992477852692836 -76.89665519293916,39.00481062587406 -76.90334998664034,39.0115468473089 -76.9108172565378,39.016681951486134 -76.91605292853487,39.01824908433906 -76.9186707645334,39.018365784332204 -76.92163192328584,39.01821574144847 -76.92652427252901,39.01811571268248 -76.93081580695284,39.01914933644089 -76.93755351599825,39.02124988010339 -76.94472037848604,39.021149855629794 -76.95171557959688,39.02038299663096 -76.95057610363745,39.02521855329452 -76.94868782849096,39.02928586698433 -76.94765786022924,39.03068603557591 -76.94302300305151,39.03348628954493 -76.93950394482397,39.036153094932324 -76.93632820935034,39.0407530976877 -76.93392495007299,39.04415290724324 -76.9317382517264,39.04781610320766 -76.92924916176058,39.052948572831276 -76.92676007179476,39.05761413064532 -76.92521511940218,39.05888044314751 -76.92264019874789,39.06034667135614 -76.91474377540804,39.063345679670675 -76.9123405161307,39.064811815146676 -76.91079556373812,39.06607799855293 -76.90616070656039,39.073141552322696 -76.90504490761019,39.073141552322696 -76.90221249489046,39.07000968646896 -76.8984359445975,39.06721088024362 -76.88255726722933,39.06787727274467 -76.84513401623936,39.05988014750171 -76.83595013257236,39.057880724638366 -76.80899929639072,39.05314853163136 -76.74677204724522,39.04201663031851 -76.70577955143787,38.99236185599506 -76.69058751957752,38.98569052428968 -76.6635508527074,38.97421436295873 -76.63841647445915,38.96351165405831</coordinates></LinearRing></outerBoundaryIs></Polygon></Placemark><Placemark><name>AA</name><ExtendedData><Data name="name"><value>AA</value></Data></ExtendedData><Polygon><outerBoundaryIs><LinearRing><coordinates>-76.70091144289286,39.21843874500945 -76.6952466174534,39.21278631007187 -76.6963624164036,39.20114751122474 -76.7018555804661,39.19808784970075 -76.70683376039774,39.19602582873094 -76.71181194032938,39.19170203989852 -76.71910754884989,39.1834528433089 -76.72760478700907,39.174071532083666 -76.74307463602756,39.15828436468018 -76.7506277366135,39.15136246046432 -76.75663588480685,39.13831548248855 -76.76298735575412,39.127263599612824 -76.76899550394748,39.121004535326726 -76.80315611796115,39.09569626695756 -76.82289717631076,39.07824158946643 -76.83165190653537,39.06917944329238 -76.83783171610568,39.05851660501569 -76.74702284769748,39.042119349574506 -76.70565245585178,38.99223764546592 -76.602312306926,38.94806165650064 -76.59836409525607,38.94779464835841 -76.57553313212131,38.95326811424808 -76.57330153422092,38.956738873608245 -76.52763960795139,38.939383377072566 -76.35548968628264,38.80427444118342 -76.10692401245451,38.956079811071454 -76.08769793823576,38.99024468240914 -76.09319110229826,39.024393070401224 -76.11516375854826,39.04146108183808 -76.16734881714201,39.05532580571618 -76.19756121948576,39.047860523348774 -76.20305438354826,38.99985058275373 -76.23326678589201,38.9977160509166 -76.25386615112639,39.019058471495434 -76.31703753784514,39.22468174403149 -76.47770342510174,39.17902792346512 -76.53366503398846,39.22026682016578 -76.57314715068767,39.222128650610976 -76.54634383600185,39.226436022164144 -76.57395717781017,39.25786372630902 -76.60841283481548,39.25371405721643 -76.62101921718548,39.25950441860636 -76.63558897655437,39.26045143364365 -76.6364043680949,39.25490207566183 -76.63769182842205,39.25363928615146 -76.64644655864666,39.247059120201406 -76.64707955997417,39.24625317359734 -76.64744970481823,39.24566740247028 -76.6477876631541,39.24477419594418 -76.64824900310467,39.24320378665842 -76.64923605602215,39.23545924362646 -76.64970812480877,39.2320686595968 -76.6527765719218,39.23250287956657 -76.65816244762371,39.233568680827716 -76.6612952677531,39.23390524628378 -76.66404184978435,39.23391355652153 -76.66618761699627,39.23339831991981 -76.66893419902752,39.233032665842714 -76.6792338816447,39.22638407762745 -76.70091144289286,39.21843874500945</coordinates></LinearRing></outerBoundaryIs></Polygon></Placemark><Placemark><name>HOWARD</name><ExtendedData><Data name="name"><value>HOWARD</value></Data></ExtendedData><Polygon><outerBoundaryIs><LinearRing><coordinates>-76.69652349340858,39.20111173733527 -76.70699483740272,39.19585701647658 -76.71686536657752,39.18581208941517 -76.75033933508338,39.15147554296102 -76.76338559973183,39.12657772359118 -76.80235273230019,39.09607588857284 -76.80097944128457,39.096742008472795 -76.80132276403847,39.09647556126795 -76.8026960550541,39.09607588857284 -76.80406934606972,39.09527653638641 -76.80492765295449,39.09407749111632 -76.80595762121621,39.09287842545788 -76.80767423498574,39.09154610636967 -76.80956251013222,39.09021376211117 -76.81042081701699,39.08928110615398 -76.82252294409219,39.079021076646875 -76.82844526159707,39.071958111368005 -76.83883077490273,39.05829659744424 -76.86947233068886,39.065161005657814 -76.87152153837624,39.065202656583 -76.88078052389565,39.067110242617375 -76.89930922377053,39.067685007342064 -76.90479165899697,39.073590652007915 -76.90337277042809,39.076699454679336 -76.89225501406136,39.091400382442465 -76.88984639036599,39.09974779625329 -76.89498550283852,39.09879028773843 -76.90029627668801,39.0987653090814 -76.90483993875924,39.09998508983108 -76.90702593910638,39.10122774578769 -76.90929777014199,39.10433533054734 -76.91116458761635,39.10575066199172 -76.91360539781991,39.10653740747608 -76.91784865248147,39.10605870095232 -76.92084199774209,39.10716596501815 -76.92528373587075,39.11097881646204 -76.92926949846688,39.111698906077216 -76.93297899353448,39.11092678658054 -76.93586370933,39.108809137807384 -76.93849093306008,39.10749064817545 -76.94110340464059,39.106579033976615 -76.94283879387322,39.10672264521504 -76.945343641817,39.10818085507845 -76.94716184425297,39.109539135467806 -76.94856665122452,39.11045747531363 -76.95113017249051,39.11125093211645 -76.95506698477212,39.112227522094145 -76.956847971558,39.11309327834413 -76.95791549074593,39.11384664411845 -76.96196562635842,39.1159818304228 -76.96384317266885,39.116439659217995 -76.96607745277825,39.11647919883811 -76.96834660160485,39.11685274310091 -76.9698513208622,39.1174739251363 -76.97088128912392,39.11783081619053 -76.97229615437928,39.11791093434205 -76.9739215730423,39.11786099057009 -76.97730517971459,39.11814088333569 -76.98037027406636,39.11808105504981 -76.98712608802262,39.12081801706567 -76.98759547460023,39.12097408468521 -76.98852486002389,39.12121546858924 -76.98887220609132,39.12124876285592 -76.9896983264679,39.1213517668939 -76.9904372750515,39.12135800955796 -76.99107295858803,39.12150991421451 -76.99247709500733,39.1215556936358 -76.99450484502259,39.12184909740234 -76.9965768514866,39.12218307679832 -76.99870920765343,39.12242757784451 -77.00092203009072,39.122682482287 -77.00208074438515,39.12269080568181 -77.00414068090859,39.122516014184214 -77.01120025503579,39.12103443073883 -77.01524502623025,39.1210261071483 -77.0187318979496,39.11961940622368 -77.02129743087235,39.118913964268415 -77.02703869926873,39.11837499353108 -77.0282215534443,39.11839580328857 -77.02996230709496,39.118499851983884 -77.03118807661477,39.11920321713389 -77.03360206472817,39.12061825000815 -77.03508264410439,39.12078472259539 -77.03948146688882,39.12073478086054 -77.04181230652276,39.11963189185835 -77.04393259274903,39.11976299088918 -77.04595833110753,39.11937073353816 -77.04811281549874,39.11824597289734 -77.05131537306252,39.11570713171766 -77.05428726065102,39.1143918927763 -77.05635792601052,39.11364269506296 -77.05782241213265,39.113018357550565 -77.05911121356431,39.11245436790913 -77.06014252293053,39.11222335977877 -77.06173307287636,39.112327417588844 -77.06864244329873,39.112681212993884 -77.0729768930668,39.11196945807733 -77.07383519995156,39.1106791238181 -77.07455939638558,39.109767550859075 -77.07597023832741,39.109521965260406 -77.07570201742593,39.11076237190253 -77.07475787985268,39.11838747938627 -77.0738781152958,39.12165037370817 -77.07198984014931,39.12701051488417 -77.0704019724125,39.13197077902009 -77.06736034738961,39.14282637958695 -77.06691241848412,39.14802058137506 -77.06685072767678,39.15477850236726 -77.06536746609154,39.15753015683637 -77.0635408817524,39.160414806784786 -77.06174782502595,39.16322135159263 -77.06034100639764,39.16586141880353 -77.05779693114701,39.17868185623762 -77.05894589844016,39.18072644354507 -77.05991978577126,39.18028949682788 -77.06115116516779,39.18065093994666 -77.06181147950284,39.181506883784756 -77.06333693789284,39.18486402660242 -77.06595870123047,39.191178698140845 -77.06708915635582,39.196869208355174 -77.06598801358078,39.19910056958946 -77.06469178808712,39.201234709028896 -77.06382471603584,39.203202506365294 -77.06344240527679,39.20722106969097 -77.06263486841445,39.208706993322316 -77.06283794850415,39.20979569499601 -77.06264329386423,39.21077598924125 -77.06148150838808,39.212138016502635 -77.06104621258228,39.21286696506646 -77.06137725060935,39.21711780301848 -77.05989355945158,39.22129673961294 -77.05589620887432,39.234906058734374 -77.05532586227301,39.24118027563561 -77.05457140716854,39.24382332167253 -77.05512243348304,39.24777975241186 -77.05502285647336,39.252368802649 -77.0529947862432,39.25462135729802 -77.05066630860338,39.25654153810386 -77.05030088774757,39.25739112158478 -77.05068584498613,39.26095105800296 -77.05042579120155,39.26162448834029 -77.04818906986284,39.26469912161175 -77.04646220921668,39.26553203076748 -77.04319095016936,39.26601809976227 -77.04177577976034,39.266769968914886 -77.03984666117131,39.268240458349034 -77.0380698181888,39.27001851997277 -77.0363185766818,39.27224560919642 -77.03616349051836,39.27284587156936 -77.03542416474912,39.274777259498364 -77.03495794233996,39.27587581786775 -77.03427714320961,39.27700757954418 -77.03181336659136,39.279052039393555 -77.02748848725415,39.288833288113715 -77.02633934339056,39.29203722719892 -77.02138030432062,39.299241709610506 -77.02047444847076,39.301229372804976 -77.02098016535993,39.30832593234349 -77.02061830812264,39.310630664510384 -77.02058123915586,39.31650158048299 -77.01956296364907,39.320539988174666 -77.01812722745481,39.32277335722094 -77.01628572332802,39.32664233836776 -77.00574330079499,39.32292210330439 -77.00207772690001,39.32209161109803 -76.99257566618863,39.321261109030914 -76.983934510752,39.31897847440146 -76.97563667806926,39.31643015120698 -76.95972765821162,39.309739404587326 -76.93429143193308,39.306833647519554 -76.91779676850084,39.30498223781277 -76.91066523573491,39.302462527109604 -76.9065806924099,39.30220094521128 -76.90229653406087,39.30309653323358 -76.89818403708878,39.30445701640285 -76.89648536059204,39.30488845319707 -76.89461502271834,39.305120644477945 -76.89096017765942,39.30565143863582 -76.88739116328898,39.305684126707526 -76.88107556688729,39.30498625900368 -76.87784350502434,39.30408550646109 -76.86734399783555,39.29965006507979 -76.86286672043744,39.297797557249304 -76.85615784513894,39.29634353777438 -76.8253178058857,39.29606954357114 -76.80835283386651,39.29712815160614 -76.799527025103,39.30323662997574 -76.79236753869,39.30602501568808 -76.785208052277,39.30668811004483 -76.77736929643098,39.297055502546655 -76.77447988676968,39.291707286886115 -76.77983022320214,39.28582720325433 -76.78569554376546,39.27848496891826 -76.78812763678971,39.271673535859954 -76.77719897615853,39.263896833465665 -76.7276478468174,39.23464289362934 -76.70905209171715,39.235170586225806 -76.70075601923409,39.22878399266908 -76.69540635335389,39.22106902702566 -76.70104301559869,39.218141149109215 -76.69535002696458,39.21228710515053 -76.69652349340858,39.20111173733527</coordinates></LinearRing></outerBoundaryIs></Polygon></Placemark><Placemark><name>TX - KATY 2 (BRIAN)</name><ExtendedData><Data name="name"><value>TX - KATY 2 (BRIAN)</value></Data></ExtendedData><Polygon><outerBoundaryIs><LinearRing><coordinates>-95.77729030371749,29.785620699556375 -95.77225538477933,29.785570243492497 -95.76671904809966,29.785567536987966 -95.75724746725227,29.785511668235902 -95.74809577009346,29.78545579945267 -95.734069501485,29.785390619166133 -95.71884563051985,29.785325137328304 -95.7038582517554,29.785269268440953 -95.69325816172855,29.785204088032966 -95.68001877803104,29.78514821907806 -95.6685389234473,29.785092350091986 -95.6549851531287,29.785045792579755 -95.64209102345676,29.78500159722495 -95.62906672941227,29.784973662694878 -95.6163043635174,29.784955039670503 -95.60320616273002,29.78488985905792 -95.59137225655631,29.784833989927627 -95.57642297259994,29.784726517049226 -95.56312055076896,29.784652024747032 -95.54940540446273,29.784460522138794 -95.53626952998795,29.784472351991838 -95.52654920451798,29.78443819047075 -95.5135984567961,29.784400944219307 -95.50363305436173,29.784417172886037 -95.49553278313675,29.78427749934235 -95.49032929764786,29.784165760367102 -95.48133853302994,29.783839854310212 -95.47608140336075,29.783858477542037 -95.46529892312088,29.78410057924059 -95.46006325112381,29.784054021267124 -95.4570162616829,29.78243379030207 -95.45416239129105,29.78074834980632 -95.45510652886429,29.77895113614232 -95.45605066643753,29.775086551909023 -95.45570127805574,29.762627477021407 -95.4556047185312,29.755865583119736 -95.45559398969515,29.752248731148853 -95.45572273572786,29.75100057316981 -95.45701019605501,29.74563517980383 -95.45853369077547,29.73917024460609 -95.45950703877914,29.734401370358853 -95.45984499711501,29.734274436892758 -95.4600957836579,29.733466251240742 -95.4600770081948,29.73280595640099 -95.46062015552032,29.731601809648136 -95.46118254000683,29.728506821158817 -95.4670673065855,29.726517673352255 -95.46807815702039,29.72619522230622 -95.47236432702618,29.726050809107733 -95.47720001041169,29.72591210382038 -95.48268564742378,29.725811250904755 -95.4874814371424,29.725690129708223 -95.49080594150301,29.723753416714203 -95.49719496337649,29.72319438312366 -95.50311728088137,29.72263534641899 -95.508086520366,29.7222797352524 -95.51511927240306,29.721746917041692 -95.5208135216608,29.72126833999118 -95.5270094244852,29.720751221223328 -95.54611387126674,29.7192183416637 -95.55746778225024,29.718306427513852 -95.57146891330798,29.71715102529105 -95.58283332852194,29.716231290346975 -95.58876211085166,29.715673233534385 -95.5909293357357,29.715561418064205 -95.59705550112571,29.714955748769576 -95.60844952502097,29.71399598840437 -95.6184876920777,29.713120082587483 -95.62487134953314,29.712682126813323 -95.63268384942513,29.711937372290425 -95.64355216035348,29.711059537709787 -95.64931354531747,29.710547025563528 -95.65717778214913,29.709885415106417 -95.67084631928903,29.708981517717234 -95.68180046090585,29.708068293535305 -95.69631927017731,29.70687315841726 -95.71109287743134,29.705680349108597 -95.72499744896454,29.704559654333806 -95.73903076653046,29.7034134129998 -95.75357906822724,29.70224852019279 -95.76847069267792,29.701037017341747 -95.77584140305085,29.700571050815853 -95.77620618347687,29.703460008431065 -95.77618472580475,29.706488665093513 -95.77443718108637,29.7117849099675 -95.7732355514477,29.714067870342614 -95.77273798696498,29.720775474907647 -95.77286341563259,29.72854594990859 -95.77285268679653,29.73330669904849 -95.77309004853942,29.739781327937457 -95.77324025224425,29.74365658929425 -95.77311150621154,29.74563142449396 -95.77616922448851,29.751698315414494 -95.77622286866881,29.759429139362226 -95.77631978883328,29.766703959841248 -95.77642546559677,29.7683430714352 -95.77706919576035,29.771202139396387 -95.77731595898972,29.774143745123737 -95.77730523015366,29.779274811376354 -95.77729030371749,29.785620699556375</coordinates></LinearRing></outerBoundaryIs></Polygon></Placemark><Placemark><name>TX - SUGARLAND B (SAVANNAH)</name><ExtendedData><Data name="name"><value>TX - SUGARLAND B (SAVANNAH)</value></Data></ExtendedData><Polygon><outerBoundaryIs><LinearRing><coordinates>-96.1577751410113,29.670487617278823 -96.12423928175012,29.61208168719362 -96.10715233034749,29.582094135112154 -96.09172461154722,29.55515434862474 -96.07740885683481,29.530069558422852 -96.02150587213062,29.499690820210848 -96.00536970269702,29.490875428702385 -95.9695124986279,29.476530101249768 -95.93568510305883,29.46057780913786 -95.90590185415746,29.435726279194377 -95.86440271627905,29.40237310440173 -95.85521976368055,29.38716660210594 -95.83573712846488,29.37435131824476 -95.80277814408988,29.365861648287297 -95.76566579333394,29.421642914663106 -95.75729683868985,29.426387546934052 -95.75024041278209,29.430306195049315 -95.74135693652477,29.435239877741548 -95.73378237826671,29.439463218696762 -95.72495254618968,29.444387113417505 -95.71497790572798,29.44994329576973 -95.70769302604353,29.454025892974226 -95.69910995719587,29.458790272374763 -95.69080418681057,29.463387722871236 -95.68580299685416,29.466139783587632 -95.68209115262178,29.47304470299365 -95.67830179528826,29.479906222855956 -95.66974506033351,29.495250141421526 -95.66816227674532,29.498146582925187 -95.6666860389523,29.500873191364043 -95.66514138409217,29.50366715972554 -95.66353205868323,29.506519745775723 -95.66195367778579,29.509402064032884 -95.65758079641076,29.51661770036003 -95.65594769834571,29.519362556178045 -95.65353371023231,29.522634812505878 -95.65152094325937,29.525383260980245 -95.64878914579654,29.52912985097375 -95.64872209057117,29.52921853549033 -95.65052777454099,29.530025551822746 -95.65212637111387,29.53062766615395 -95.65340310260495,29.530977730977817 -95.65532737084082,29.531388472159616 -95.65868013210944,29.53185055399533 -95.66310082023645,29.532428252174938 -95.66496763771082,29.53266629214914 -95.66888366287256,29.533179709793874 -95.67149077003504,29.5335110961623 -95.67702796410525,29.534236632733467 -95.68133792733256,29.534793739789606 -95.68656144653421,29.535475170125853 -95.68891642604929,29.53578787977046 -95.69453297172647,29.53650197428858 -95.70115802799326,29.537358500692466 -95.70252059017282,29.5375358552168 -95.7027028834186,29.537564795306785 -95.70161390655855,29.539646353508243 -95.70071161943305,29.541366619495594 -95.69996133651516,29.5428248265658 -95.69906547870418,29.54450492399573 -95.6981857141473,29.546231661701096 -95.69732025421655,29.54788661072269 -95.69681599892175,29.5488339549885 -95.69592993191291,29.55126662315388 -95.69501798084785,29.553581223462064 -95.69297210465916,29.55702067966761 -95.69120184670933,29.559839097993645 -95.6894049686561,29.562064670611214 -95.68808532182078,29.564780297100413 -95.68619899555847,29.56774658682507 -95.68334512516662,29.571451184030895 -95.68175725742981,29.57364401758623 -95.67981207629796,29.576390568423204 -95.67903960010167,29.578368689551 -95.6787928368723,29.579842924427712 -95.67809296125228,29.58312382151666 -95.677878209921,29.584019812891565 -95.67776555714238,29.584507311854967 -95.67757377919781,29.58544381641443 -95.67748660740483,29.58626135563122 -95.67752147253042,29.58714922385188 -95.67754427130704,29.587364976562444 -95.67765763663954,29.588126521631462 -95.67797178456124,29.588975220109123 -95.67808041402634,29.589213126874906 -95.67839676725885,29.590010810172647 -95.67895198452493,29.59107787665349 -95.67982763191559,29.59274076358455 -95.6806317909191,29.594283881543 -95.6816590769718,29.596235997170165 -95.68263340403404,29.598080793348178 -95.683564632956,29.59984159767258 -95.68446650501136,29.601574385692487 -95.68577966185423,29.60413503272819 -95.68679194042915,29.606044349713994 -95.68800111298508,29.608367022213884 -95.68857706694436,29.609389409494604 -95.68934608453083,29.61052205581603 -95.68988789075183,29.611200643357034 -95.690998325284,29.61244587459194 -95.69228042119312,29.61370508154727 -95.6931789612131,29.61465180826956 -95.69420452839786,29.615775324483497 -95.69482948309833,29.616668400798535 -95.69564318657761,29.617931786383647 -95.69643712044602,29.61953425133937 -95.69730883837586,29.621413596355914 -95.69814032317048,29.6232999012088 -95.6989718079651,29.62509826478789 -95.69981402159577,29.626947195969095 -95.70060658511203,29.628695838627003 -95.70142870954317,29.630529787192568 -95.70225751212877,29.632329658899646 -95.70307826808732,29.63414197996335 -95.70392268147077,29.63600240183103 -95.70462730979459,29.637556700785932 -95.70680269809338,29.64229606103615 -95.70750673923031,29.644150284749244 -95.70830228569666,29.646267414569767 -95.70908834548432,29.648098087892848 -95.7099092230091,29.649845201177552 -95.7106150354962,29.651365010623298 -95.71153503318831,29.653395272404868 -95.71242284437224,29.655297294504116 -95.71329477825778,29.65668188184033 -95.71459296742098,29.65784730276008 -95.71614864864962,29.65884489234504 -95.7181442121567,29.659553454640957 -95.71983936825411,29.659861118294675 -95.72243574658053,29.660028934436557 -95.73262814083712,29.660840041842974 -95.73851048359073,29.661298381234854 -95.74008762249149,29.66159671658723 -95.74180423626102,29.6622866137012 -95.74349939235843,29.663433324112667 -95.74715592547167,29.66711955334682 -95.75022437258471,29.67011201659931 -95.75322814727741,29.67264205549488 -95.75479455734211,29.67379796968704 -95.75696178222614,29.675298773933246 -95.75941868568378,29.676790234221837 -95.76301284576374,29.67898077641052 -95.76579161430317,29.680695891022175 -95.76722927833515,29.68259739693048 -95.76770510964188,29.685980869966887 -95.76835956864151,29.688693158662918 -95.76921920678113,29.689942091730185 -95.77133278748487,29.69252379222145 -95.7722476484313,29.693616860178633 -95.77399644870901,29.6957231574816 -95.77500495929861,29.697018601590724 -95.77568087597037,29.698724088865873 -95.77584180851126,29.700522740795904 -95.78207565641392,29.69997690901229 -95.7843769917487,29.699790520694226 -95.79021586876082,29.699227985688204 -95.79779368490128,29.698661321710798 -95.80358081031021,29.698193484055427 -95.81099550806528,29.697594313168114 -95.81657450281625,29.6971329905082 -95.82244854055887,29.696671665729866 -95.82911114775186,29.69614044063368 -95.83507640820706,29.695660471683944 -95.84037793499279,29.695231759615368 -95.84661416835257,29.694717814596732 -95.8520590526528,29.694084059728656 -95.86136631793448,29.693365084362796 -95.86673867980593,29.692796561496824 -95.87433469573611,29.692255995788486 -95.8816463975107,29.69158028456349 -95.88989145986739,29.690927869414022 -95.89722612275929,29.69019512913372 -95.90236756633851,29.689277073948308 -95.90696487259004,29.688368330860506 -95.91492613155881,29.68661441009027 -95.91956982980399,29.68563939100143 -95.92266591692714,29.68501879278789 -95.92956554906037,29.68452088900806 -95.93628716485169,29.68399892056404 -95.94212901608613,29.683509572686038 -95.94762905918773,29.683108771696975 -95.95523580395397,29.682526209270343 -95.95813416491768,29.68230716492453 -95.96584819804451,29.681183972588872 -95.97277366172096,29.680130677087565 -95.97715779694518,29.679487508921085 -95.99147341324758,29.678753241648334 -96.01947567536305,29.677243167449156 -96.04105226391468,29.676124579345775 -96.06890432232532,29.6746517526969 -96.08804704241335,29.673644280757532 -96.12158373526744,29.67189175781492 -96.15042284659556,29.670337139879113 -96.1577751410113,29.670487617278823</coordinates></LinearRing></outerBoundaryIs></Polygon></Placemark><Placemark><name>TX - SUGARLAND A (SAVANNAH)</name><ExtendedData><Data name="name"><value>TX - SUGARLAND A (SAVANNAH)</value></Data></ExtendedData><Polygon><outerBoundaryIs><LinearRing><coordinates>-95.55724817033587,29.718173557118362 -95.56578832383929,29.717633127986527 -95.57608662506576,29.716753946973892 -95.58768071689637,29.715733596036056 -95.59084894729057,29.715521766876194 -95.59681418013969,29.714953369419163 -95.60754865823401,29.714063253693226 -95.62065972729852,29.712963711860674 -95.63476814671685,29.7117616565874 -95.64509260437126,29.71094164163194 -95.6573891037717,29.70987002108423 -95.66930884063389,29.709077946372084 -95.67857855498936,29.708341777214045 -95.69017973224695,29.707362359171555 -95.7017539419984,29.70643117888617 -95.7120623954008,29.705621663684717 -95.72754410583477,29.70433564952624 -95.74893037487814,29.70258826230087 -95.76175210938185,29.701570779258677 -95.77382572116677,29.700635660082146 -95.77587822385574,29.700523827866213 -95.77566289635016,29.698740594706113 -95.77497625084234,29.696904632104005 -95.77023174217571,29.69126922167244 -95.76831128052105,29.68865020712397 -95.76765682152141,29.685919275848114 -95.76721693924297,29.682573084831176 -95.76577927521099,29.680680899660377 -95.75880146880327,29.676400614198084 -95.75517512221514,29.674060866934663 -95.75298643965898,29.672438858791708 -95.75011111159502,29.66998715314822 -95.74526856516493,29.66524404227737 -95.74346612070693,29.663388822211576 -95.74173877810134,29.6622607571034 -95.74006507967604,29.661589505747056 -95.73845222336394,29.66130619732343 -95.73365643364531,29.660905307831744 -95.7222194944058,29.66001961608249 -95.71981623512846,29.65987655168737 -95.71812107903105,29.659550241771406 -95.71616843086821,29.658851002673675 -95.7145269189511,29.65778814993849 -95.71327164513212,29.656687992300302 -95.71235969406706,29.65525217525639 -95.7094516851041,29.64886490857837 -95.70782090202304,29.645004638312596 -95.70684334709527,29.642412393081173 -95.70477268173578,29.637880465912513 -95.70148100628664,29.6306718570474 -95.69879879727175,29.624721801603346 -95.69736113323977,29.621569435478172 -95.69574107899477,29.618174469363105 -95.69500078930666,29.616961953748486 -95.69418539776613,29.61574942354691 -95.6910096622925,29.612456864112925 -95.68942179455568,29.61063798205151 -95.68856348767092,29.609425375779185 -95.68746914639284,29.60734525566805 -95.68635334744265,29.605237108094194 -95.6848229084711,29.602287154928664 -95.68168021296887,29.59628118128357 -95.67999578570752,29.593069255206476 -95.67892290210156,29.591016786233588 -95.67828990077405,29.589803944032855 -95.67762471293835,29.58812851518062 -95.67747450923352,29.586243884774078 -95.67775852446563,29.5845695797903 -95.67824132208831,29.5824422956175 -95.67905671362884,29.5783555449596 -95.67985064749725,29.57632143844272 -95.68431676577505,29.57016063262646 -95.68625868510183,29.5676784424852 -95.68815768908438,29.56468293630503 -95.6894236917394,29.562023300288107 -95.69132865224024,29.55967468488734 -95.69505369905214,29.553487138896212 -95.69686450001747,29.548732419196387 -95.6994286918357,29.543822928053533 -95.70270246274363,29.537548980178045 -95.7004815936793,29.53727828107737 -95.69302195738325,29.536307492136178 -95.68603748510847,29.535420705631353 -95.67766541868829,29.53430765507654 -95.66663854990188,29.532866460774546 -95.65708421922061,29.531630824993446 -95.65521740174624,29.531350775039666 -95.65282889318512,29.530846236677725 -95.65081187200592,29.530127434661335 -95.64873047781036,29.529212588343416 -95.6460678731023,29.532758527557878 -95.64487709756466,29.534378291050473 -95.64444041680053,29.534982713137307 -95.64373767803863,29.535951181150057 -95.64290887545303,29.537085003308484 -95.64196393363137,29.53838015440303 -95.64147845379968,29.539014889062194 -95.64120218627114,29.539488603876606 -95.64064696900506,29.54075805529312 -95.63985884082282,29.54251914558333 -95.63921242845024,29.543963568730724 -95.6388825167414,29.54473594162193 -95.63822811727638,29.546161987470708 -95.63741491010335,29.547975897752224 -95.6366001114844,29.54982728636821 -95.63571787665616,29.55181663734573 -95.63492653750104,29.55352338390621 -95.6346475877635,29.5540763605229 -95.63410512657478,29.555305964347898 -95.6337296173127,29.556103915560378 -95.63346676082924,29.5566685438977 -95.63328168840721,29.557067514911218 -95.633064429477,29.557571476044796 -95.63271574230507,29.558331048570945 -95.63249580116585,29.55878600790363 -95.63231072874382,29.559196636106325 -95.63192449064567,29.55994322856252 -95.6315328881295,29.56065015320886 -95.6305986461233,29.562377241681652 -95.62987082597006,29.563702397772357 -95.6246603299061,29.57317906926278 -95.62324412354624,29.576799489876112 -95.62100925837632,29.582454618665057 -95.6077450476426,29.58950161001846 -95.6010663414809,29.593172622214396 -95.59338449486225,29.59830360670719 -95.58439373024433,29.6042179086332 -95.58362125404804,29.611537976271705 -95.58056125608799,29.612752514457473 -95.57989433381213,29.615275321097638 -95.57974075640799,29.61584363924413 -95.57962875609792,29.616269320885902 -95.57951759703916,29.61667951622508 -95.57939049652344,29.617147038220935 -95.57926541164983,29.617625726454023 -95.57913197175134,29.618104318948262 -95.57900981614553,29.61859548750141 -95.57890005174895,29.618971479396194 -95.57875454190989,29.619106136617383 -95.57832307032324,29.61950573981149 -95.57785097888085,29.619939997344932 -95.57746138802143,29.62030024526611 -95.57695073374916,29.620767668348627 -95.57657748956079,29.621116716517193 -95.57600817238897,29.621639094621255 -95.57577197445924,29.62185609102852 -95.56885063931945,29.621110827390492 -95.56652784631255,29.619919332463304 -95.56427426018386,29.61864139551155 -95.56170916606197,29.617292224712266 -95.56020822495476,29.616534608125846 -95.55588401591737,29.616112069486583 -95.54906899007841,29.615445269639864 -95.54803365739866,29.61536598807171 -95.5444555905728,29.616629822114195 -95.53799402368324,29.618969836789212 -95.53292646314002,29.620893615319638 -95.52651802199416,29.623394004402677 -95.52129307883315,29.625176710621357 -95.51868060725265,29.626034730155872 -95.51935091761527,29.627367792297147 -95.51981225756583,29.62775948925517 -95.52214292042922,29.629775702996643 -95.52375761025618,29.63112795134443 -95.52703526967238,29.63383705635001 -95.52977043218542,29.636106044743293 -95.53347562612156,29.63916866457823 -95.53674936377175,29.641898308873778 -95.54132129435541,29.64568794725537 -95.5459803521959,29.64944052980506 -95.55012704733292,29.652733405773493 -95.55371953097716,29.65559441428854 -95.55486101337345,29.656604911919906 -95.55644888111027,29.65892175722465 -95.55812254221507,29.661136152283433 -95.55846586496898,29.662105740507496 -95.55953080883951,29.665891517368486 -95.56033528656552,29.668682462612786 -95.5598317882436,29.67336306792179 -95.55945785282556,29.676997435813668 -95.55912489976737,29.680166708936994 -95.55894787397239,29.68182121624147 -95.55775132588262,29.68692904444266 -95.55693425885534,29.69045217612074 -95.55619847988359,29.6936590453127 -95.55655176348697,29.701569845191525 -95.55665100522052,29.703571136223953 -95.55672342486392,29.70510539578099 -95.55681461997042,29.706964505390687 -95.5569540948392,29.710111866886578 -95.55701310343753,29.71181946141223 -95.55707893319429,29.713729234703735 -95.55713794179262,29.715231772099298 -95.55720039405028,29.716899768024124 -95.55724817033587,29.718173557118362</coordinates></LinearRing></outerBoundaryIs></Polygon></Placemark><Placemark><name>TX - KATY 1 (GIO)</name><ExtendedData><Data name="name"><value>TX - KATY 1 (GIO)</value></Data></ExtendedData><Polygon><outerBoundaryIs><LinearRing><coordinates>-95.77729320166706,29.785622911951126 -95.777282472831,29.78739672763637 -95.77712865876568,29.789305700519108 -95.77659914181538,29.793193859855588 -95.77606655600194,29.79742734538504 -95.77559451287783,29.800913926348663 -95.77514390176333,29.80428173823548 -95.77451626485384,29.807279950247434 -95.77400256447164,29.80995206483224 -95.77359181148647,29.812066468183662 -95.7730392764294,29.813444189238155 -95.77245072462841,29.814833940368324 -95.77107743361279,29.817026122845384 -95.76957263171487,29.81907863229279 -95.76726090797035,29.822370959367845 -95.76518755120436,29.82533397721774 -95.76368697768484,29.827369842278898 -95.76248534804617,29.829091727003245 -95.76088931671413,29.831324706127766 -95.75972637595156,29.832960480771703 -95.75869640768984,29.83461246750207 -95.75807832084298,29.83585232134084 -95.75722001395822,29.837918404034703 -95.75680459630989,29.83928794383037 -95.75650418890022,29.840795578155447 -95.75632716310524,29.84181461439314 -95.75623153469637,29.844453507616834 -95.75629590771273,29.846794155440318 -95.75626933302078,29.849809343983818 -95.75631519538705,29.85232899909283 -95.75631219803759,29.85591350255364 -95.75640342172025,29.859011690611705 -95.75645369029249,29.862077514729005 -95.7564424335636,29.865216037666965 -95.75651753541602,29.869644661585212 -95.75650144216193,29.872435710122094 -95.75658983840505,29.88116382919747 -95.75664348258535,29.882840671778702 -95.75705117835561,29.884831364306756 -95.75795240058461,29.888021970825143 -95.75816323926861,29.88969263918384 -95.75820615461285,29.89355279279358 -95.75826086238452,29.897896449527384 -95.75830377772876,29.901895794728414 -95.75846471026965,29.90354199018413 -95.75870074466296,29.904732442266386 -95.75919227467503,29.906636443769823 -95.7601042257401,29.9085522611013 -95.76108054982151,29.910440142133375 -95.76182083950962,29.91201749238654 -95.76211051808323,29.913226442296793 -95.76203541623082,29.917122880972137 -95.76210802769053,29.92103535560985 -95.76238697742808,29.92478736072451 -95.76286977505076,29.92807896768313 -95.76350277637827,29.93307610150788 -95.76372373354872,29.93463232793103 -95.76402414095838,29.936194305531547 -95.76477515948255,29.93812814858681 -95.76584804308851,29.940080548153414 -95.76733722970089,29.942293221340655 -95.7685817746838,29.944171165851525 -95.7690323857983,29.945138014545346 -95.76949335965985,29.94653217408687 -95.76980449590557,29.948410038561292 -95.76973862177954,29.959019019166156 -95.76967125474981,29.96484234094496 -95.76963906824163,29.973412284047043 -95.76956911181786,29.978322480323065 -95.76954957870083,29.98381369830361 -95.7694530191763,29.98690820565935 -95.76903459456997,29.992517281964844 -95.76895949271756,29.995806646823652 -95.7690024080618,29.997953038000492 -95.76902386573391,29.99901227887755 -95.74872052765558,29.9912236408983 -95.74122107124994,29.9883708741961 -95.73104208927687,29.98449675949507 -95.71861809711989,29.97972009619904 -95.70822833900672,29.975833196764487 -95.70173739319068,29.974085964593062 -95.696440613073,29.972762268897757 -95.6946596262871,29.97181427701638 -95.69237438420642,29.96995544314912 -95.68905936148481,29.964016452621987 -95.68190934139714,29.95896124449024 -95.67513944584356,29.95432278930012 -95.66773654896245,29.94908916219476 -95.66275034407998,29.945465918089223 -95.6557658718052,29.940575814569648 -95.6484166191044,29.935546008648657 -95.6433204219761,29.931947821416653 -95.63712988356973,29.927587053206224 -95.63398633460427,29.92536475454689 -95.63243065337564,29.924416310724112 -95.63128266791726,29.924016473855648 -95.62904034118081,29.923542246650594 -95.62519941787149,29.923253989794528 -95.62294083616297,29.922698185354868 -95.61832743665735,29.919750462170953 -95.61692195913355,29.91821612376858 -95.61581518807714,29.916663163248693 -95.61248924889867,29.911278759280854 -95.61123064652027,29.90940949397551 -95.60582331314625,29.905559254894175 -95.59524167486988,29.897926425297936 -95.58737365214174,29.892367221551325 -95.58281389681642,29.889195357712936 -95.57494965998475,29.883707143774533 -95.56901661364381,29.879651252575346 -95.56518641917054,29.8777348796231 -95.55984823730005,29.87543980640578 -95.55563180472863,29.873746630604227 -95.55970876243127,29.872118549843915 -95.56031799906599,29.871749003038516 -95.5625174104582,29.87016740756767 -95.5638155996214,29.867497245373634 -95.56375122660505,29.859988775677625 -95.56375122660505,29.85224825125482 -95.56366463841837,29.845111834375935 -95.56365500338917,29.839051664626965 -95.56352537003175,29.83287862085741 -95.56347215670462,29.824896652643176 -95.56345850332562,29.81834798349619 -95.56344777448956,29.812545974028296 -95.56332276213249,29.80384895545407 -95.56322620260795,29.795896110261193 -95.56314292438991,29.787695236209746 -95.56311073788173,29.784509256443158 -95.61197407505723,29.784926500601056 -95.63049522400463,29.784900604083123 -95.6567564019065,29.785041584142544 -95.68003797615577,29.785060207150813 -95.70043828077466,29.78516521195964 -95.72510211959847,29.78514658897089 -95.74819057479867,29.785376763045058 -95.77271039213396,29.78550712359371 -95.77729320166706,29.785622911951126</coordinates></LinearRing></outerBoundaryIs></Polygon></Placemark><Placemark><name>TX - KATY 3 (MIKE)</name><ExtendedData><Data name="name"><value>TX - KATY 3 (MIKE)</value></Data></ExtendedData><Polygon><outerBoundaryIs><LinearRing><coordinates>-96.07569275715518,30.114120759106083 -96.06839714863467,30.11352678987074 -96.05921326496768,30.11258014402036 -96.05749665119815,30.112487335115375 -96.05337677815128,30.11124368737686 -96.05196057179141,30.109925774926953 -96.04820723809839,30.107032273749635 -96.04638333596826,30.104656204916825 -96.04294596170378,30.10082761478539 -96.04041395639372,30.098191494462245 -96.03766737436247,30.095592433769326 -96.03466330026579,30.093810181228655 -96.03061958583837,30.091281084192474 -96.02637096675878,30.09012999957359 -96.02184339794164,30.090148565560877 -96.0162000301743,30.08923882808492 -96.01203519215325,30.08740915804138 -96.00564080586174,30.084289936872125 -95.99905330052117,30.081207752660227 -95.99257531327254,30.080620100731597 -95.98429265183455,30.08037871937023 -95.98015132111556,30.07963600379468 -95.96252732274552,30.07526415640117 -95.95437340734024,30.073258707874345 -95.94750003712174,30.071894965614362 -95.93608455555436,30.07053938925697 -95.92208068324838,30.069048736404017 -95.91755311443124,30.067117443170485 -95.90926929628617,30.063424622284238 -95.90072914278275,30.060583218306686 -95.89068840161615,30.05729022959527 -95.88628957883172,30.055507286943115 -95.88354299680047,30.054132913403517 -95.87444758075904,30.047772685451655 -95.86914753574561,30.044206425330366 -95.86580013889503,30.042181772606384 -95.86170172352027,30.04034283198114 -95.85828580298133,30.039024050972024 -95.8543375913114,30.03750084191237 -95.84870495238013,30.03551320463517 -95.84578670897193,30.034222147849732 -95.84395483832739,30.033008271800508 -95.84162668090246,30.030453941925163 -95.83949008804233,30.027573090742663 -95.83753743987948,30.025297293448045 -95.83577791076571,30.02421975487232 -95.83395047383412,30.02351193867123 -95.82734151082143,30.02087375871649 -95.8219017084637,30.018790132190002 -95.81568971238521,30.016579162555328 -95.81004976283039,30.014438743540282 -95.80506085406269,30.01236703129143 -95.79956208638018,30.01034485703481 -95.78931941770503,30.006481437007086 -95.78458800100276,30.004771908145102 -95.77694794998921,30.001951565401527 -95.76956934514313,29.999081994739694 -95.76902217450409,29.998942621683895 -95.76921035528682,29.989389022207924 -95.76958165039771,29.98144732622203 -95.76962734419162,29.973510028317477 -95.76968012576405,29.963786240169412 -95.76975522761647,29.954221396510814 -95.76979683423993,29.94855467597166 -95.76945351148602,29.946360735002962 -95.76859520460125,29.94409237226621 -95.7656125881767,29.939778621711273 -95.76400326276776,29.936245669424075 -95.7634882786369,29.932991523432296 -95.7623724796867,29.924753409626398 -95.76205061460492,29.918383889475237 -95.76209352994915,29.913046076436366 -95.76175020719525,29.911930121172972 -95.7600121357536,29.908377580323926 -95.75906799818036,29.906424558866288 -95.75838135267254,29.903057831983233 -95.75820969129559,29.893775492991132 -95.75814531827923,29.889459561983855 -95.75793074155804,29.887952662748685 -95.75690077329632,29.884306244428608 -95.7567028790278,29.882790933188343 -95.75648830230661,29.871813498162464 -95.75643440498507,29.85954086990411 -95.7562541660503,29.845207091622065 -95.75633021985895,29.842163125345717 -95.75673791562922,29.839557358976947 -95.7577249685467,29.83654203019208 -95.75944158231623,29.833321856360687 -95.763003555888,29.828389018884067 -95.76903316175348,29.81983814964568 -95.77245976387837,29.814835925240057 -95.77359702050069,29.812024648551883 -95.77471281945088,29.806103953061445 -95.77617194115498,29.796782670783283 -95.77710734031727,29.789449251440036 -95.7772575440221,29.785594383886142 -95.77683296443496,29.769716822505515 -95.77626062724777,29.76806701578715 -95.77624618953567,29.761350652911545 -95.77617387202967,29.751518365133506 -95.77433189052306,29.74820317260654 -95.77283323177033,29.744738826535187 -95.77272414873126,29.733155427005617 -95.77262436260614,29.72325075509893 -95.7732112219888,29.71513417762111 -95.77322570194258,29.713833844584617 -95.77456331759086,29.71169275160281 -95.7757292718622,29.707986089595295 -95.77625873594685,29.706424737668762 -95.77592989314674,29.700576551200278 -95.86352283553312,29.69313397257213 -95.89831433756001,29.689924094793113 -95.91851497448623,29.68572992939657 -95.92386866367995,29.685021551515224 -95.93368554867446,29.68431316864137 -95.9461739138478,29.683120091463728 -95.96391940869033,29.681326598400126 -95.98030355431055,29.679225348974914 -95.99903610207056,29.6782559257836 -96.01845529533838,29.677342422299173 -96.03298878562822,29.676642488327495 -96.05111390172131,29.67546796347546 -96.0681512933839,29.67451714759416 -96.08287705273862,29.67395783993468 -96.1003435978436,29.672988365955483 -96.11654414029356,29.672186678489513 -96.13368882031675,29.671356462444994 -96.1460550384494,29.67045920043018 -96.15737809033628,29.670200520188995 -96.19791163296934,29.762671143486102 -96.20412228609001,29.7812942508887 -96.2138231518521,29.810344466025118 -96.2261571831375,29.849287763928324 -96.23516940542754,29.87727485314744 -96.24570698640119,29.907009002258935 -96.2600849385215,29.946398813369612 -96.2510619806703,29.968252380812217 -96.24144894356093,29.99204848867304 -96.23101105926487,30.0176172984669 -96.20744705210015,30.049586449504744 -96.19188305283159,30.0707643149569 -96.16484502717371,30.091411582216963 -96.12315368314592,30.110208024424512 -96.09648977162226,30.11566834724943 -96.07686675316577,30.11420942667679 -96.07569275715518,30.114120759106083</coordinates></LinearRing></outerBoundaryIs></Polygon></Placemark><Placemark><name>TX - CYPRESS A (ETHAN)</name><ExtendedData><Data name="name"><value>TX - CYPRESS A (ETHAN)</value></Data></ExtendedData><Polygon><outerBoundaryIs><LinearRing><coordinates>-95.7690209034886,29.999007926670238 -95.76901017465254,30.000889445170554 -95.76906383485871,30.004522252366133 -95.76904363741906,30.006691003661693 -95.76911873927148,30.00817752341463 -95.76910214468457,30.01088702169109 -95.7691428283119,30.01291190563699 -95.76907429627356,30.014942297264987 -95.76887044838843,30.016377598872634 -95.76814872344382,30.019071636417117 -95.76707273484423,30.02262221873367 -95.76628305965149,30.025176750422105 -95.76401483448447,30.032462024311606 -95.762489138044,30.035279229796014 -95.7569959739815,30.04235653952705 -95.75276733765465,30.04777700482638 -95.7495701445089,30.05028445448558 -95.74493528733116,30.052457526173878 -95.74141622910362,30.05303328931417 -95.73615909943443,30.05334902896984 -95.7292926443563,30.053330456076782 -95.72451251177849,30.05345599490876 -95.72102564005912,30.05392960199313 -95.71693037965431,30.054519558877853 -95.71229552247658,30.05470528542139 -95.70818637826576,30.054491699866286 -95.70345915762607,30.053758076407366 -95.69639958349887,30.051984356728696 -95.69144319554562,30.050756272093018 -95.68719457646603,30.05014334873624 -95.68303178807491,30.05003190771838 -95.67089715133244,30.05014934135292 -95.66272462721581,30.050545826865473 -95.6578430068087,30.050712987477834 -95.64702986795189,30.0518018988152 -95.64415453988792,30.05209906927301 -95.63407803537713,30.052413796669065 -95.6311383342968,30.052246638927524 -95.62023555659854,30.051786149374422 -95.61522519015872,30.0518697286691 -95.61292715155926,30.04809241016736 -95.61087794387188,30.045213417370494 -95.60624268896585,30.039497502804103 -95.60504105932718,30.037500617646902 -95.60145762808328,30.03115766667081 -95.59738701842284,30.024062682034756 -95.59339976263801,30.01735901139779 -95.58924479103092,30.010749947762474 -95.58549321922928,30.004534305996085 -95.57981588500199,29.99734590990482 -95.5752014903718,29.992443979391012 -95.57308504172843,29.98973325630717 -95.57159373351615,29.987400835086095 -95.56811759063285,29.981936621846394 -95.56445008602469,29.97538752123052 -95.56350622372177,29.973649297418806 -95.5615106602147,29.970833202556374 -95.557002892337,29.967403347518605 -95.55326925738827,29.965163348978503 -95.54752589116221,29.960944893408712 -95.54503680119639,29.958686158682163 -95.5403912151826,29.954847121423043 -95.53753734479075,29.95294149097199 -95.52937270054942,29.947150009397927 -95.52534601360564,29.944072857101744 -95.52049657970672,29.940298334856053 -95.5162801471353,29.937025726746935 -95.51600119739776,29.936802590455645 -95.5258807777856,29.93642969008823 -95.52905651325923,29.935732383339012 -95.53512903446895,29.9335102665653 -95.54740106554982,29.928496108021665 -95.55199922703238,29.926641719786186 -95.55494965694876,29.92403816026307 -95.55587576535487,29.920423068302224 -95.55598305371547,29.917168404954626 -95.55589722302699,29.910370464947334 -95.55565526030068,29.90746373843774 -95.55473258039956,29.905640902879156 -95.55054833433633,29.901399891079755 -95.54979731581216,29.89981876592203 -95.54951836607461,29.898070198296796 -95.54946472189431,29.890340789808818 -95.54887586971769,29.88385308079603 -95.54881417109316,29.880636158665524 -95.54888927294557,29.879026795868864 -95.54957591845339,29.877370892587386 -95.55064065872845,29.8759807429729 -95.55213196694073,29.874957403947196 -95.55550082146344,29.87358983449469 -95.56228544680513,29.87649721575808 -95.5659490418585,29.878032196660623 -95.56887801410276,29.879492732311775 -95.57403984542134,29.883083512456494 -95.58794364468179,29.892887779776885 -95.5991660072001,29.900737900221664 -95.61118230358682,29.909405798111383 -95.61606262768584,29.91706638612435 -95.61865900601225,29.920116476891753 -95.62127684201079,29.921939047506346 -95.6238732203372,29.922999098741002 -95.62636231030302,29.92340823830363 -95.6294736727603,29.923575613094595 -95.63104479027109,29.923947556066942 -95.63306181145029,29.9246914378424 -95.64168779564218,29.930828250368876 -95.65698711586313,29.941483089478854 -95.66751521384897,29.948912546957384 -95.67412417686167,29.953579141921946 -95.68013232505503,29.95779933999569 -95.683908875348,29.960476377181337 -95.68753522193613,29.962874495103293 -95.68925183570566,29.964138595989763 -95.69123818244027,29.967819268765695 -95.69246126975106,29.97014285562078 -95.69415642584848,29.971369687561 -95.69593741263436,29.97257791633221 -95.6978900607972,29.973228494969046 -95.70814521615767,29.975709250503257 -95.71608455484176,29.978850477521814 -95.73244359451897,29.9849893356519 -95.74885289738828,29.99130954593084 -95.76619739939581,29.997946899039924 -95.7690209034886,29.999007926670238</coordinates></LinearRing></outerBoundaryIs></Polygon></Placemark><Placemark><name>TX - CYPRESS B (ETHAN)</name><ExtendedData><Data name="name"><value>TX - CYPRESS B (ETHAN)</value></Data></ExtendedData><Polygon><outerBoundaryIs><LinearRing><coordinates>-95.61524593112584,30.05189703235119 -95.62052520457787,30.051777380704806 -95.62623294536156,30.051990972114343 -95.6341537185057,30.0523850248466 -95.64425724211027,30.0520969300231 -95.6551466311367,30.050977701195173 -95.65798977269249,30.0507083874562 -95.66470602406578,30.050439072984894 -95.66933372648771,30.050203034798475 -95.6724665466171,30.050138027592457 -95.68171198450756,30.050045160081304 -95.6871407755537,30.050119454097207 -95.69149145374976,30.05075095098219 -95.70145110599044,30.05323046598211 -95.70360760203842,30.0537690790103 -95.7081780861998,30.0544748433714 -95.71235389609939,30.054697715282487 -95.71695656676894,30.054511988724748 -95.72455872952455,30.05346262712937 -95.73613116269335,30.053362199161345 -95.74147412305102,30.05300931364455 -95.74501463895068,30.052433550364878 -95.74965146727311,30.050250508936237 -95.75284866041886,30.047715197499738 -95.76002594612035,30.038471728132272 -95.7625251412021,30.03521218245304 -95.76405936475862,30.032388545836483 -95.76564723249544,30.027184178135414 -95.76818305562398,30.01893483441002 -95.76895553182027,30.015832035666815 -95.76917294284554,30.01262256528785 -95.76904419681283,30.007048251139697 -95.76900128146859,29.999124100621515 -95.77556348016735,30.00141841450032 -95.78090578439698,30.003417408142177 -95.79541337396873,30.008733500545006 -95.80298793222678,30.011669295166286 -95.81645762821779,30.016813539224582 -95.82422530552492,30.019619040274943 -95.82978284260378,30.021774205717012 -95.83304440876589,30.02307471392451 -95.8355334987317,30.024059373077115 -95.83768765709738,30.0253634838573 -95.84202210686544,30.030843883055525 -95.84422843934819,30.03330801500796 -95.84630983354374,30.03451548983568 -95.84922807695195,30.035611492710935 -95.85665243150517,30.03837931041806 -95.86251989278615,30.04061730704051 -95.86623207006276,30.042307642987883 -95.87170377645315,30.045929694330933 -95.87820545110525,30.05039135569663 -95.88382736120046,30.05419883893669 -95.88859096441091,30.056594692370094 -95.89571491155446,30.05882334119239 -95.90052143010915,30.06066193870441 -95.90920773021901,30.063521911407246 -95.91343489162648,30.06506329099842 -95.91967907421315,30.068090267808728 -95.92379894726002,30.06931588852889 -95.9335562083362,30.070403404144386 -95.94448094998532,30.071459385070067 -95.9478283468359,30.0719793295274 -95.95495229397946,30.07333488615886 -95.9580207410925,30.074096218040687 -95.97047348167257,30.077303698952623 -95.97862739707784,30.079290497466108 -95.98424005912949,30.080340671110505 -95.99561262535263,30.080879136622816 -95.99921751426865,30.081269058095035 -96.0178856890123,30.089735545270482 -96.0220270197313,30.09032965750425 -96.02700519966294,30.090422487218305 -96.0293493540808,30.090979463672547 -96.03246071653807,30.092241932019814 -96.03503563719237,30.09387569065777 -96.03827574568236,30.096159194423276 -96.04200938063109,30.099816403568873 -96.04520657377684,30.102990825660445 -96.0488762926078,30.107752465247064 -96.05095768680336,30.10934884276949 -96.05331803073646,30.110963756577142 -96.055935866735,30.11202178924206 -96.05853224506141,30.112597205758988 -96.07036292724129,30.113723367065703 -96.0759942488102,30.114331192805516 -96.07625174087563,30.114888034533877 -96.07943117780566,30.128116928354334 -96.08539641065478,30.152154400038615 -96.0897249231575,30.169651934423428 -96.094174737156,30.187679332557106 -96.09796637734867,30.203017041194848 -96.10083646978723,30.21448525935406 -96.0976729004638,30.226113552268313 -96.09374677269231,30.240240325217936 -96.0905924948908,30.251788658710836 -96.0845752306484,30.273693092928628 -96.08047950598082,30.288737340854187 -96.07652779511892,30.30298478883994 -96.07281136065798,30.31632252550026 -96.0658025154546,30.342122438245948 -96.05818701148964,30.369783288404356 -96.05365768555386,30.386335772860008 -95.93398730163602,30.383592887164607 -95.90436046461474,30.382958866431856 -95.88260616899164,30.382459074520085 -95.87350811601313,30.38231098753683 -95.87350766084994,30.379515875920802 -95.8733155416364,30.371837587353216 -95.87333568351768,30.368147596085866 -95.87323912399314,30.364742381821586 -95.8731354366934,30.361452868543314 -95.87307233093757,30.357725083467887 -95.87294845777713,30.354091728256606 -95.87292596175676,30.350666389295906 -95.87295517793636,30.34655517412566 -95.87296381623983,30.342831369505618 -95.87268486650228,30.342201743223313 -95.87186496278841,30.3414359058866 -95.8706579687317,30.340982198534608 -95.86895744821626,30.340426635647773 -95.86764316579897,30.339482171504013 -95.8658288128972,30.337595867698244 -95.86372903762987,30.335407598032013 -95.86300086749903,30.333647792949623 -95.86175632251611,30.33258751161486 -95.85942062928339,30.330650715685234 -95.85802588059565,30.330243260217326 -95.85496816231867,30.33023399984609 -95.85311818956619,30.330401643450717 -95.85199166177993,30.33018402484691 -95.85081685423141,30.329688593455867 -95.85003918848817,30.329184050025876 -95.84923989020173,30.3281237203605 -95.84733482463454,30.325039269054567 -95.84591221080589,30.322417833408945 -95.84485686076926,30.320437178975656 -95.8440736557369,30.31893063424745 -95.84306726420955,30.3167873619379 -95.84212173948052,30.314584008534734 -95.84125209199301,30.312632482306434 -95.84057081090323,30.311141283222852 -95.83998092341696,30.309733141465053 -95.83938010859762,30.308635551626057 -95.83831662568578,30.306788038765813 -95.8366781530819,30.303939555648935 -95.83498850145241,30.300827518781126 -95.83507423806967,30.2980541815533 -95.83519531422223,30.29650857114933 -95.83494855099286,30.29405369724857 -95.83447194799413,30.289329744244498 -95.83409528498412,30.285344048771147 -95.8335289866283,30.281224325390465 -95.83300815884806,30.277831154799706 -95.83233709045814,30.273598769201477 -95.83170945354865,30.26960075007148 -95.83121056267188,30.26640276119983 -95.83038445181931,30.26115902587763 -95.82962727648227,30.256369362987083 -95.82892954583275,30.252116487639384 -95.82872186130346,30.250961296541927 -95.8277026218778,30.24939501591374 -95.82453375722292,30.246309897049965 -95.82139096532842,30.243239544868057 -95.81599860888973,30.237960073647937 -95.81345587474361,30.235517639385293 -95.80983227779306,30.231997315143744 -95.80722260958504,30.229459821131712 -95.8051251221354,30.227485315472737 -95.80366600043129,30.226243117886554 -95.80204058176827,30.225496864777075 -95.79939055926155,30.22472279500941 -95.79419475654663,30.22328688449299 -95.78862516154504,30.22170162161243 -95.7826550780603,30.220037300032228 -95.77701565715984,30.218499408181824 -95.77353493943077,30.21747957401924 -95.76825459322578,30.216094979563263 -95.76467131363087,30.215127779926302 -95.76328729377919,30.214821828615822 -95.76193009601765,30.214858913673822 -95.75992754271854,30.213662913509204 -95.75392475894321,30.21176019445722 -95.75436464122166,30.21104628215196 -95.75405446553212,30.211122945386432 -95.74854520821553,30.20807253684131 -95.7438748700756,30.205535811647792 -95.7410967966819,30.203928369697792 -95.73664432971718,30.201442826255928 -95.73278751055258,30.199269560841493 -95.7293321512354,30.19731456595105 -95.72671390313599,30.19583356374748 -95.7246271445224,30.194655878709057 -95.72151287025785,30.192870314638437 -95.71782416883586,30.190780176927625 -95.71471960561443,30.189010156798044 -95.71292788999249,30.18799004477381 -95.70917092290163,30.18586933982762 -95.69875647831829,30.179988225327957 -95.6874346320895,30.17361417653653 -95.67951390655494,30.169109760170247 -95.67446062477089,30.166243567080798 -95.6730136946313,30.1647555738225 -95.67016833592822,30.159983003665467 -95.66516958503871,30.151853412831425 -95.66103562184882,30.14508719953461 -95.65373165053174,30.1332499232045 -95.64817411345288,30.123580790361345 -95.64474552972752,30.11747321198434 -95.64278215272861,30.113779533207033 -95.64024451088251,30.107147962613578 -95.63834550689997,30.101461611246414 -95.63570621322931,30.094267853342146 -95.63560693879536,30.091993475538242 -95.63602536340169,30.088623754619512 -95.6361541094344,30.087053582412576 -95.6355962099593,30.08450993007246 -95.6326779665511,30.078948944018272 -95.62899797578267,30.07211565163169 -95.62705450895875,30.070053537218094 -95.62525206450074,30.068512235342684 -95.62242266599645,30.066109993721128 -95.61904308263769,30.06051073836714 -95.61711342338735,30.057489277235142 -95.61524593112584,30.05189703235119</coordinates></LinearRing></outerBoundaryIs></Polygon></Placemark><Placemark><name>BALT CO</name><ExtendedData><Data name="name"><value>BALT CO</value></Data></ExtendedData><Polygon><outerBoundaryIs><LinearRing><coordinates>-76.49478637758419,39.35170375689203 -76.47156569885861,39.36456575168838 -76.45645949768674,39.37219649722675 -76.44100997376096,39.386261425204125 -76.43912169861447,39.38851685749899 -76.43371436524045,39.38480198899304 -76.43304576173475,39.38413081999322 -76.43079270616224,39.38306108991854 -76.42983783975293,39.38255524285583 -76.429466571532,39.38223627802578 -76.42891671868395,39.38157286345329 -76.42844733210634,39.38097993134292 -76.4280074498279,39.38044089778087 -76.42741736384463,39.380225283190526 -76.42264803893478,39.38393870140309 -76.4200409317723,39.38584593665216 -76.40565356261642,39.38239629043149 -76.3970597649327,39.382910431209375 -76.39569720275314,39.37991675189373 -76.33822106913797,39.3822083145064 -76.29166355456032,39.24344074244914 -76.47722950304664,39.18265822998233 -76.57387485827125,39.261120297221105 -76.57782306994118,39.27241692595037 -76.58297291124977,39.276669302618615 -76.60048237169899,39.27786523705576 -76.60511722887672,39.28318025421833 -76.60481682146705,39.2832061547177 -76.60457681403021,39.282767731497124 -76.60334299788336,39.282692991423765 -76.60627197012762,39.29072294103092 -76.60749505743841,39.29171935453233 -76.60957645163397,39.29295654823074 -76.61038111433844,39.293546075793 -76.61063860640387,39.29404426422948 -76.61076605506891,39.294585821154776 -76.57527506538385,39.295897690266024 -76.57351553627008,39.295515756225804 -76.56374670700413,39.296915251662675 -76.56300105289799,39.29703564173276 -76.55779220299107,39.29856755387711 -76.5458402796207,39.302643999328616 -76.53937463565468,39.31315007119795 -76.53564100070595,39.31703475876157 -76.52366002433072,39.32857955217259 -76.51636191373748,39.336276416357535 -76.51318617826385,39.34231717258847 -76.51095458036346,39.34407619576599 -76.49478637758419,39.35170375689203</coordinates></LinearRing></outerBoundaryIs></Polygon></Placemark><Placemark><name>HARCO</name><ExtendedData><Data name="name"><value>HARCO</value></Data></ExtendedData><Polygon><outerBoundaryIs><LinearRing><coordinates>-76.54337080850568,39.72138070608086 -76.54347809686628,39.72108362610644 -76.54038819208112,39.71568645043032 -76.53837117090193,39.712962944579864 -76.53387351394194,39.70360681311332 -76.53061194777983,39.694377854817766 -76.52983947158354,39.6910260671904 -76.52986092925566,39.68843368633631 -76.52904364711043,39.68761206096146 -76.52868423110243,39.68724878530331 -76.52735921984907,39.68652635643955 -76.52693006640669,39.68539522406454 -76.52764094584803,39.684297638584354 -76.53227531616078,39.68132180525976 -76.53313362304554,39.680776841414534 -76.5363794169624,39.67781005811496 -76.5383964381416,39.675365819954806 -76.53907235481336,39.675035510866685 -76.54005940773084,39.67507679958908 -76.54094990112378,39.675299758263534 -76.5418189368446,39.67502725311923 -76.54234464981153,39.67432534097854 -76.54209788658216,39.67359039003442 -76.54169019081189,39.672904979298366 -76.5413683257301,39.67226085216711 -76.54115374900891,39.67136071573051 -76.54111083366467,39.668134852506206 -76.5433382197713,39.66405144839983 -76.54393903459064,39.661792517743734 -76.54409996713153,39.66092528266174 -76.54413215363971,39.65985980751971 -76.5443467303609,39.65881083532572 -76.54952875817767,39.65372268131434 -76.5519018235502,39.65050827484122 -76.55409050610635,39.639933797933885 -76.55529213574502,39.635901852833705 -76.55089853938365,39.62451349613904 -76.54570578273082,39.61823273561368 -76.53888224299693,39.61416646565118 -76.53172054430607,39.612272107966426 -76.52223625322941,39.61366065524719 -76.51893177172306,39.61319780924822 -76.51622810503605,39.61339617219815 -76.51582319908472,39.61161825355307 -76.51243227511056,39.60441145914499 -76.51238935976632,39.60340297739178 -76.5128392019902,39.60054059990363 -76.5126951037901,39.597599488867615 -76.51190116992169,39.59491266280415 -76.50931552043133,39.59032414965718 -76.50925114741497,39.58958003780639 -76.50984123339825,39.58719055794055 -76.51285603633099,39.58344494444616 -76.51817753901653,39.574613425213826 -76.52215793719463,39.56818753975294 -76.52223303904705,39.568104834642426 -76.52444317927532,39.559130744141484 -76.52555500229371,39.55454435485053 -76.5273359890796,39.55049089114416 -76.52958904465211,39.545940802836846 -76.531370031438,39.54324573308937 -76.53242145737184,39.54235219145499 -76.53834377487672,39.5396549497097 -76.5449312802173,39.53608052922278 -76.54830013474,39.533929168906404 -76.55096088608278,39.53219148305496 -76.55321394165529,39.53040410366026 -76.55471597870363,39.52871598086972 -76.55608926971925,39.52694506285134 -76.5573767300464,39.52528995845281 -76.55823503693117,39.523667917869055 -76.55892168243898,39.522078943420034 -76.559286462865,39.5209699501286 -76.559286462865,39.519695413580656 -76.55916815671992,39.51839240419063 -76.55782705221247,39.51686124544342 -76.55926106356803,39.51840965466508 -76.55979750537101,39.516597090548395 -76.56077382945243,39.51378297035118 -76.56187955935445,39.51036717568746 -76.56286661227193,39.50948976588454 -76.56531278689351,39.508215018693015 -76.56818811495748,39.50712235962939 -76.56936828692403,39.5060793508588 -76.57029096682516,39.505085994617836 -76.57132093508687,39.5031985786401 -76.57001203652958,39.49675770962805 -76.5680164730225,39.495002535267446 -76.56743711587528,39.49397590330825 -76.56722253915409,39.493098286549454 -76.56707233544925,39.49076344085279 -76.56767315026859,39.48794608777093 -76.56838125344852,39.48604164577904 -76.57061285134891,39.4833587781377 -76.57198614236454,39.48118922306205 -76.57303024129452,39.47877722527139 -76.5741245825726,39.47725347497889 -76.57463956670345,39.47601126254366 -76.5744679053265,39.47404023995937 -76.5761416037518,39.47163849830659 -76.57631326512875,39.47105875514093 -76.5761416037518,39.469518271258075 -76.57571245030941,39.468316739846834 -76.57468248204769,39.4673394090619 -76.57438207463802,39.466411760365126 -76.57487560109676,39.46536814079979 -76.57708574132504,39.463728135576105 -76.58328700856747,39.46225375445665 -76.58549714879574,39.46255194641623 -76.58672023610653,39.46250224784501 -76.58798623876156,39.46203839280238 -76.58935952977718,39.46101127420647 -76.59081403855951,39.45821503232591 -76.59205858354242,39.45568020201266 -76.59233753327997,39.454710177908005 -76.5925413811651,39.45111481803107 -76.5960955603815,39.4448921364162 -76.59646034080752,39.44421274722669 -76.59684657890567,39.44322679259036 -76.59698605377444,39.4376919310057 -76.59685730774173,39.433424484477754 -76.59680366356143,39.43150197655931 -76.595644949267,39.43001862600574 -76.59551620323428,39.429256221256175 -76.5966534598566,39.42558495985472 -76.59949660141238,39.41661491894745 -76.60024761993655,39.414352106243605 -76.60020470459231,39.413050748456875 -76.59769234263705,39.413309108094 -76.59365830027865,39.414137998140966 -76.59099754893587,39.414278908468916 -76.5890019854288,39.41407168729986 -76.58678111636446,39.41370697654641 -76.58287488056074,39.41189095743752 -76.57716713977705,39.40787061914008 -76.56894759406103,39.402117128421786 -76.5672309802915,39.40148706428155 -76.56560019721044,39.40128809547584 -76.56366900671972,39.40142074140939 -76.56105117072119,39.4019844838126 -76.5588195728208,39.40191816141342 -76.55671672095312,39.40135441847413 -76.54894904364599,39.39717594641755 -76.5412242816831,39.392499740446084 -76.5302379535581,39.38835390567971 -76.52375773657812,39.38490438342731 -76.52191237677587,39.38324589857445 -76.52045325507177,39.38122249368439 -76.51804999579443,39.37422305064181 -76.51684836615576,39.37233208543815 -76.51526049841894,39.37073965396493 -76.5102823184873,39.36732243884972 -76.50345877875341,39.358463442451026 -76.495819847479,39.35112986517057 -76.45623763981031,39.372359080857116 -76.43898567142652,39.38861306807107 -76.43355688038038,39.384649434449216 -76.43297752323316,39.38410213680536 -76.43014511051344,39.382775336824785 -76.42926534595655,39.38207875673807 -76.42802080097364,39.38051971897208 -76.42739852848219,39.38020459008661 -76.42012840157427,39.3858627365344 -76.40564447289385,39.38239650589867 -76.39702921753802,39.3829355243584 -76.39567738419451,39.37990867444976 -76.36885000105964,39.3793381777973 -76.361769455026,39.38440614106606 -76.34730970361292,39.38305106317031 -76.33283227973132,39.37573506531363 -76.28989163490938,39.274881353973306 -76.04990902992891,39.448480724391366 -76.07771817299532,39.54412056405157 -76.16536300598442,39.65039330591766 -76.22304122864067,39.69848683535721 -76.23480343385089,39.721174536773624 -76.54337080850568,39.72138070608086</coordinates></LinearRing></outerBoundaryIs></Polygon></Placemark><Placemark><name>SILVER SPRING</name><ExtendedData><Data name="name"><value>SILVER SPRING</value></Data></ExtendedData><Polygon><outerBoundaryIs><LinearRing><coordinates>-77.05785843332046,39.01407002616882 -77.0605071748394,39.01435425426408 -77.06260402179517,39.01329595021444 -77.0639865404189,39.01133073878752 -77.0657123817965,39.00976563647795 -77.06829653005887,39.00686658213175 -77.0811757471344,39.005150218435354 -77.08450170433555,39.00616169502448 -77.08714101602887,39.00770672481839 -77.08829976636862,39.009329426494986 -77.09027394429428,39.01097411325546 -77.09353565463778,39.012529423155264 -77.09465159776934,39.014218078111625 -77.09662584778567,39.01563994034524 -77.10177626581977,39.017459391584644 -77.10555396956376,39.01883089260185 -77.10900879895632,39.018110410122446 -77.11194864421803,39.016189551751005 -77.11645504372578,39.01594891863602 -77.12254959933313,39.01533427304669 -77.12873056235445,39.013704826667265 -77.13664844336641,39.01287119611742 -77.14937284293306,39.013104613661845 -77.15331569018495,39.0060975836341 -77.15760186019075,38.9996234880936 -77.1579344541086,38.99627990478708 -77.15688302817476,38.98772428161418 -77.15851381125582,38.984655346057025 -77.16100290122164,38.983754654934174 -77.16383531394136,38.983120828385886 -77.16816976370943,38.982853952352144 -77.17181756796968,38.98178643815704 -77.17610910239351,38.979851527652585 -77.17825486960542,38.97678225080861 -77.17911317649019,38.97201126291511 -77.17911317649019,38.96870808301456 -77.18185975852144,38.96904174454421 -77.22511842551363,38.97331247330731 -77.22855165305269,38.980185136684426 -77.2303540975107,38.98065218668831 -77.23284318747652,38.98011841500379 -77.24391534629,38.98472206346213 -77.25162382639037,39.00183386032056 -77.23085279977904,38.99576378674476 -77.22690458810912,39.001500353314356 -77.22046728647338,39.009304005233936 -77.21394415414916,39.01497278511499 -77.20973845041381,39.017240169840974 -77.20888014352904,39.018240463519284 -77.20699186838256,39.022908313579165 -77.20553274667846,39.02570887568862 -77.20167036569701,39.028042592694895 -77.20158453500854,39.03037623265287 -77.2009837201892,39.03090962525346 -77.19669218576537,39.031976398378255 -77.19317312753783,39.037110018831335 -77.19231482065307,39.041909949907314 -77.19282980478393,39.04397648647437 -77.19248648203002,39.045043062341016 -77.19104881799804,39.046476248303435 -77.18995447671996,39.048009391792434 -77.18778725183593,39.05015906955436 -77.18619938409911,39.051875431954514 -77.18317385233031,39.05412496999538 -77.17937584436523,39.05615782421579 -77.17798109567748,39.05782405452347 -77.17746611154662,39.060156710898184 -77.17647905862914,39.06295579681993 -77.17534180200683,39.06490509467277 -77.17293854272948,39.0679872079298 -77.16985936678039,39.069928037219704 -77.16814275301086,39.06820378380069 -77.16632957971679,39.06718753741907 -77.16528888261901,39.066679408741386 -77.16397996461974,39.06643783808717 -77.16033216035949,39.06718753741907 -77.1560298970996,39.06699594834722 -77.1512019208728,39.0665627885288 -77.14969988382445,39.06713755771132 -77.14826221979247,39.068162134646364 -77.14674945390807,39.068878496676824 -77.14379902399169,39.06946990636249 -77.14080567873107,39.070177925524796 -77.13922853983031,39.071269094090084 -77.1381985715686,39.07264344270383 -77.1385418943225,39.07381786485667 -77.14025850809203,39.075500336295015 -77.13997955835448,39.076499805284676 -77.13947530305968,39.07710780866119 -77.13890667474853,39.07783240858254 -77.13785524881469,39.079989506826344 -77.1375333837329,39.08067463454581 -77.13646050012694,39.08374773114486 -77.13558073557006,39.08626274039976 -77.13394456343548,39.08779438655158 -77.13129454092876,39.089135103872714 -77.12670259909527,39.091116987142314 -77.1252074677927,39.091844985093786 -77.12184934210606,39.093177298535494 -77.11542276930638,39.094584527274 -77.11296586584874,39.0951340882688 -77.10760144781895,39.096974253750915 -77.10218748670253,39.098757887792075 -77.09671578031215,39.10025659170836 -77.0935185871664,39.10120575437757 -77.08896956067714,39.10335381217966 -77.08688816648159,39.104369537649774 -77.08450636487636,39.106301040788004 -77.07974276166591,39.10918154627956 -77.07605204206142,39.109581144679346 -77.07455000501308,39.109780943029634 -77.07294067960414,39.111995336817415 -77.06856032018412,39.11268034309999 -77.06006308202494,39.11219751598166 -77.057552534387,39.11309657071933 -77.05591102246989,39.11377917869304 -77.05414076452006,39.114428482580536 -77.0515014708494,39.11566047863892 -77.04881926183451,39.117691560245945 -77.04749961499918,39.11863216426923 -77.04592247609843,39.119406280284224 -77.04394837026346,39.11977252575739 -77.0417382300352,39.11962269829395 -77.03937788610209,39.12080466184761 -77.03480740194071,39.12077136737102 -77.03332682256449,39.120488363684935 -77.03004379873026,39.11855724936478 -77.0279624045347,39.1183907715141 -77.02375670079935,39.11869043136206 -77.02079554204691,39.11895679460137 -77.01544185285319,39.12105541036873 -77.01096256379832,39.121039283416046 -77.00716992025126,39.12195539252378 -77.0019557059263,39.122689935911474 -76.9992520392393,39.122427748499135 -76.98835154180277,39.1212374886111 -76.98017616872538,39.11817434972025 -76.97148581151713,39.11790798352283 -76.968760687158,39.11692574946676 -76.96457644109476,39.11632641348573 -76.9611432135557,39.11577701769142 -76.9580640376066,39.11392901858271 -76.9546415389036,39.11208097100921 -76.94867630605448,39.11064911704627 -76.94281836156595,39.106536537506344 -76.94082279805887,39.10648229930179 -76.9361450255369,39.10848034516291 -76.93294410268858,39.11101690988327 -76.92918901006773,39.111682888613814 -76.92536954443052,39.11091701253088 -76.92036990682676,39.10690435180485 -76.91824559728697,39.10615507449101 -76.91350076953962,39.10642981043094 -76.91120211641386,39.10577210745477 -76.9089222387512,39.10399045084336 -76.90710906545713,39.101159688853095 -76.90396551649168,39.09959855824648 -76.89987782995298,39.09877010423175 -76.89487819234922,39.09877843045117 -76.88985709707335,39.09971096080499 -76.8921530679901,39.091467631237855 -76.90043572942808,39.08017520382793 -76.9039333299835,39.075577768739514 -76.90569285909727,39.07394527406976 -76.90616492788389,39.07316232955309 -76.91079978506163,39.06604879738418 -76.91223744909361,39.064932557473476 -76.91468362371519,39.063366459784866 -76.92266587774351,39.06033412933266 -76.92521934072569,39.05888456272175 -76.92676429311827,39.057601588136436 -76.93021897832945,39.05101972860762 -76.93169955770567,39.047886881263615 -76.93403844396666,39.044053953499436 -76.9390166238983,39.03693748831546 -76.93953160802916,39.0361207989223 -76.94322232763365,39.03337065298801 -76.94757823507383,39.03077041658455 -76.94869364074619,39.02925448435959 -76.95030296615512,39.025903966861264 -76.95060337356479,39.025120489610984 -76.95141876510532,39.0210029238871 -76.95337141326816,39.02035276000826 -76.96221197418124,39.01886903030513 -76.9698938207999,39.01825218969286 -76.97625689604038,39.01933184274861 -76.97969012357945,39.01964859457419 -76.98138527967686,39.01979029887889 -76.98316626646275,39.01979863441736 -76.9853549490189,39.01963192346088 -76.99127726652378,39.01839825016599 -77.00106196501011,39.01579746297275 -77.00346522428745,39.01526395634036 -77.00563823157249,39.01522497854351 -77.00941478186546,39.01649205092181 -77.01569799370138,39.01588124344804 -77.02639270020525,39.01697627788157 -77.03088174657243,39.015656543501876 -77.03329793113298,39.01419639655539 -77.03588577707046,39.013536506504074 -77.04687210519546,39.01346981626296</coordinates></LinearRing></outerBoundaryIs></Polygon></Placemark><Placemark><name>TX - SW 3 (AMY)</name><ExtendedData><Data name="name"><value>TX - SW 3 (AMY)</value></Data></ExtendedData><Polygon><outerBoundaryIs><LinearRing><coordinates>-95.38586025261677,29.590234675982526 -95.38594608330524,29.588518020198745 -95.38654689812458,29.597324901278533 -95.39512996697223,29.597026375525765 -95.41788200864436,29.596606914825184 -95.42644997980169,29.59718531007396 -95.42919656183294,29.59701738921435 -95.4327370777326,29.596457650996797 -95.44505955606645,29.59647630898743 -95.44930817514604,29.596420335005213 -95.45469405084795,29.596494966974593 -95.45842772193161,29.59717732330659 -95.46585334154476,29.60056104517624 -95.47140163435328,29.603084437677886 -95.47532004729295,29.60486395642695 -95.477898218058,29.606073366397542 -95.48481993059217,29.609301231202583 -95.4854743895918,29.60960904840122 -95.4933278975874,29.61328412660045 -95.49442223886548,29.61378780708173 -95.49542002061902,29.614216866247343 -95.49669246949252,29.61479570016323 -95.49950668064778,29.61658354279821 -95.50022551266377,29.61704057134328 -95.5014190956754,29.61761418587011 -95.50209501234716,29.61794063170415 -95.50385990587895,29.61878472245902 -95.5088767707831,29.620724417601412 -95.51372969057003,29.623076638334137 -95.51509334703519,29.624177724622555 -95.51553322931363,29.62453212839507 -95.51783763546486,29.626375616564427 -95.51868329754967,29.62603500399082 -95.52642250876724,29.623498783400443 -95.54809475760757,29.615328443183238 -95.560239800027,29.61655963272395 -95.56885171433223,29.621114575620034 -95.57577717800868,29.621856046733313 -95.57890731592906,29.61896707661394 -95.5805657637424,29.61274517667254 -95.58362348201938,29.611537259546655 -95.58439506947225,29.604218532081536 -95.58789071060434,29.60192055345425 -95.58917280651346,29.601071657208625 -95.60021441958935,29.593735741281375 -95.601051268802,29.593175984854867 -95.60864903608716,29.589023890257938 -95.61132051626599,29.587596438572334 -95.61576225439465,29.58523596762644 -95.62101163849046,29.582455197083227 -95.6246639332168,29.57317500371843 -95.6313467549764,29.560987197334565 -95.63229089254965,29.559195384686937 -95.63472848747827,29.553909683590845 -95.63759565976851,29.547659046235317 -95.6393766465544,29.543580221906897 -95.6412334901284,29.539451564088736 -95.64145879568565,29.539022187050932 -95.64486826846473,29.53438892772382 -95.64596260974281,29.532914029477475 -95.64843024203651,29.529628102881453 -95.64982499072426,29.527695704154976 -95.65237729264418,29.524215579743693 -95.65482346726576,29.520892026681736 -95.65598218156019,29.519323570466717 -95.66222465980174,29.508971378367 -95.66720283973338,29.500082091571823 -95.68599984208043,29.46601136395062 -95.76566927449576,29.421652116257796 -95.80280000991473,29.36584123986405 -95.74973561021778,29.326136051087186 -95.74636403833372,29.32118628735733 -95.74345652376158,29.316284492222994 -95.73350044043048,29.29815425155484 -95.72414869875645,29.306646244828137 -95.7159089526627,29.314018253741924 -95.67557880071348,29.351171383712988 -95.67394801763243,29.3516202592963 -95.64090320256895,29.351769884051283 -95.62243220445521,29.352270114423177 -95.61125275728114,29.35243844118339 -95.60391423341639,29.35170902321387 -95.58654828519072,29.349814046231458 -95.57631297558989,29.350075894050303 -95.55792662528683,29.350412554542896 -95.55380675223995,29.350580884372068 -95.55163952735592,29.35112327859651 -95.55000874427486,29.351852700759526 -95.54766985801388,29.35288136416547 -95.5455670061462,29.35366688195425 -95.54333540824581,29.354115746542792 -95.53728434470821,29.35428407025362 -95.53470942405391,29.354246665008592 -95.52076193717647,29.352769146844086 -95.51613084098375,29.352648981229358 -95.4622420743718,29.353985428548768 -95.45421499799177,29.35413081324684 -95.45121092389509,29.35173684627545 -95.42614836285993,29.352185719367494 -95.42640585492536,29.35300864823322 -95.42623419354841,29.35375675961569 -95.42623419354841,29.355252965899684 -95.42674917767927,29.356823958847098 -95.42609569656564,29.3586260419738 -95.42699925313107,29.361292601124276 -95.42638993229635,29.363378726952366 -95.42648649182088,29.365286205905104 -95.42623972859151,29.368063206972973 -95.42658305134542,29.370391341419975 -95.42664516899858,29.37287796075077 -95.42649496529374,29.375907186808103 -95.42643059227738,29.379067209270655 -95.42621018231972,29.382422610585067 -95.42665128101639,29.386192800852868 -95.42592172016434,29.390062956180834 -95.42645816196732,29.393689924619824 -95.42615775455765,29.396718531131413 -95.42649976559204,29.400348721560995 -95.42622081585449,29.402778932823786 -95.42557708569092,29.404592206464148 -95.42630664654297,29.40786349462747 -95.42636197087099,29.41098094542536 -95.42646581474798,29.414501611419873 -95.42696273677224,29.41750008261841 -95.42669852146808,29.421209657166184 -95.42689619730535,29.42463735137976 -95.4268854684693,29.428009894029486 -95.42752919863287,29.433064271085325 -95.42733113490512,29.438916219886007 -95.42666375084738,29.442569850594037 -95.42595013138533,29.446460841774222 -95.4252322053164,29.44872099012665 -95.4237829065013,29.45340233168999 -95.4219990324477,29.455663118215874 -95.42054665761587,29.458198834661488 -95.41900083451426,29.459935947399302 -95.41760419211602,29.461883249978207 -95.4160163243792,29.4635273259007 -95.41487886141674,29.465193650170537 -95.41405762043388,29.466443985635202 -95.41282868368076,29.467722328322704 -95.4120376798933,29.468885273820966 -95.41116645607,29.469757559942487 -95.41039288582246,29.471197815166523 -95.40901368336318,29.47251105460379 -95.40762013902354,29.47387147152004 -95.40677376532294,29.475194509427737 -95.40586258134731,29.476319718050824 -95.40450620438915,29.477817987194445 -95.40327011643498,29.47935166027842 -95.4007637973114,29.482509432394675 -95.39774249405698,29.487011945578942 -95.39521634530527,29.489628417640063 -95.39336025666697,29.491626913918026 -95.3919440503071,29.495259593567482 -95.38943350266916,29.499685870314387 -95.38816575623981,29.50517063444133 -95.38676027871601,29.515833414240078 -95.38707141496174,29.520914413313967 -95.38695339776508,29.525180863694835 -95.38671736337177,29.530445994241035 -95.38683538056843,29.53425464124394 -95.38684610940449,29.536373605784863 -95.38724307633869,29.538632541109248 -95.38666371919147,29.540079353337006 -95.38746838189594,29.542076853613917 -95.38741473771564,29.54397630909034 -95.38665299035542,29.546011067008 -95.38700704194538,29.54787311462254 -95.38723771192066,29.54951579481467 -95.3876936874532,29.552567749058735 -95.38765508969607,29.554298104836164 -95.38764436086001,29.555889350505293 -95.38788210810759,29.5587772669812 -95.38728397549727,29.56120834849011 -95.38709622086623,29.563009457521883 -95.38705330552199,29.564458458144998 -95.38659196557143,29.5665920295069 -95.38664194390138,29.568224222527046 -95.38666876599153,29.570048535048333 -95.38604112908205,29.571890104821016 -95.3865911971774,29.5739469116948 -95.38582944981717,29.576260992345464 -95.38619423024319,29.579638708399052 -95.38583852560598,29.586535187748225 -95.3859370850691,29.592628072800302 -95.38586025261677,29.577396368819592</coordinates></LinearRing></outerBoundaryIs></Polygon></Placemark><Placemark><name>Tony G DE cecil</name><ExtendedData><Data name="name"><value>Tony G DE cecil</value></Data></ExtendedData><Polygon><outerBoundaryIs><LinearRing><coordinates>-76.23096829505613,39.72253682129303 -75.78808194251707,39.72253682129303 -76.23096829505613,39.72253682129303</coordinates></LinearRing></outerBoundaryIs></Polygon></Placemark><Placemark><name>Del CECIL</name><ExtendedData><Data name="name"><value>Del CECIL</value></Data></ExtendedData><Polygon><outerBoundaryIs><LinearRing><coordinates>-76.2371671199799,39.7222311902667 -76.00164771080021,39.72328745122824 -75.79016089439396,39.72460775467781 -75.79016089439396,39.72592803284681 -75.76166510581974,39.36123624003874 -75.86019873619084,39.366412213870554 -75.86938261985783,39.3673743718521 -75.88646292686467,39.362497089515685 -75.90654730796818,39.36442150009924 -75.95358252525334,39.366943061292766 -76.13760352134709,39.38286660753676 -76.04971289634709,39.44864539549195 -76.07855200767521,39.54719716912624 -76.17193579673771,39.660411769642124 -76.23236060142521,39.71008302634794 -76.27767920494084,39.79560280803598</coordinates></LinearRing></outerBoundaryIs></Polygon></Placemark><Placemark><name>Del South</name><ExtendedData><Data name="name"><value>Del South</value></Data></ExtendedData><Polygon><outerBoundaryIs><LinearRing><coordinates>-75.30204210932328,39.01376237894503 -75.74492846186234,38.999889499252085 -75.77308092768266,39.26885641323103 -75.77720080072953,39.5367949732606 -75.69617663080766,39.54420830478836 -75.65223131830766,39.54632625406979 -75.6275120800264,39.55585622587779 -75.54923449213578,39.557973819616635 -75.5451146190889,39.43610719778624 -75.38306627924516,39.2789558996052 -75.32813463862016,39.00949409036187 -75.30204210932328,39.01376237894503</coordinates></LinearRing></outerBoundaryIs></Polygon></Placemark><Placemark><name>Del Bear/NC</name><ExtendedData><Data name="name"><value>Del Bear/NC</value></Data></ExtendedData><Polygon><outerBoundaryIs><LinearRing><coordinates>-75.77546460511475,39.53738097664 -75.64843518616944,39.54691217697663 -75.62920911195069,39.55538325613732 -75.54955823304444,39.55750086431486 -75.59007031800537,39.63950838411975 -75.52827222230225,39.69025143599173 -75.54337842347412,39.69606336436587 -75.57427747132569,39.69553502746137 -75.60174329163819,39.70398793262849 -75.67178113343506,39.675983719091604 -75.70405347230225,39.65484094236604 -75.74456555726319,39.646910733288635 -75.7617316949585,39.646382020340255 -75.7837043512085,39.63845084098396 -75.77546460511475,39.53738097664</coordinates></LinearRing></outerBoundaryIs></Polygon></Placemark><Placemark><name>Del Wilm</name><ExtendedData><Data name="name"><value>Del Wilm</value></Data></ExtendedData><Polygon><outerBoundaryIs><LinearRing><coordinates>-75.60382246971135,39.76235773172536 -75.54751753807072,39.782412239451 -75.4857194423676,39.74968871666117 -75.52348494529728,39.69106421370293 -75.57704329490666,39.69581940823672 -75.60176253318791,39.703215726402085 -75.62373518943791,39.73648934807159 -75.60382246971135,39.76235773172536</coordinates></LinearRing></outerBoundaryIs></Polygon></Placemark><Placemark><name>Del North</name><ExtendedData><Data name="name"><value>Del North</value></Data></ExtendedData><Polygon><outerBoundaryIs><LinearRing><coordinates>-75.4143083095551,39.80035079358521 -75.48503279685978,39.75021663881401 -75.54751753807072,39.781356884708394 -75.60176253318791,39.760246391044845 -75.71574568748478,39.80140585696982 -75.60244917869572,39.84412231918696 -75.52485823631291,39.84412231918696 -75.44452071189885,39.82566784681778 -75.4143083095551,39.80035079358521</coordinates></LinearRing></outerBoundaryIs></Polygon></Placemark><Placemark><name>Del Newark</name><ExtendedData><Data name="name"><value>Del Newark</value></Data></ExtendedData><Polygon><outerBoundaryIs><LinearRing><coordinates>-75.60749394776612,39.76070400600504 -75.62260014893799,39.73589106916313 -75.60200078370362,39.70261715877124 -75.70156438233643,39.65505515683345 -75.78602177979737,39.63919387818661 -75.78945500733643,39.7248015494567 -75.71255071046143,39.80239072041775 -75.60749394776612,39.76070400600504</coordinates></LinearRing></outerBoundaryIs></Polygon></Placemark><Placemark><name>DC1</name><ExtendedData><Data name="name"><value>DC1</value></Data></ExtendedData><Polygon><outerBoundaryIs><LinearRing><coordinates>-77.04104156211272,38.995527885781264 -77.11977385556801,38.934586025250006 -77.11624209513796,38.92953715903333 -77.10493390193118,38.918369106130186 -77.09122244944705,38.904878291907465 -77.06890647044314,38.90128810125294 -77.06753317942751,38.90390979324019 -77.06326570129335,38.902656939419025 -77.02714171028077,38.90237306160701 -77.02696768905318,38.91060692118237 -77.0125469534638,38.91552488782322 -76.99915677609881,38.920287623696275 -76.98576689371515,38.924538569950315 -76.96345076722059,38.93514349170256 -77.00253588011294,38.96585381836835 -77.00231592053738,38.966123510197086 -77.01793172298576,38.977870629783276 -77.04104156211272,38.995527885781264</coordinates></LinearRing></outerBoundaryIs></Polygon></Placemark><Placemark><name>DC2</name><ExtendedData><Data name="name"><value>DC2</value></Data></ExtendedData><Polygon><outerBoundaryIs><LinearRing><coordinates>-76.96332425459865,38.93520880108076 -76.98565896631933,38.9245863793995 -77.02696549890688,38.910607154275915 -77.02714172372607,38.902349816355894 -77.00343723142973,38.88765554218317 -76.98227003278886,38.87901786441561 -76.97068288984453,38.87357208014247 -76.94669321241533,38.86374856751854 -76.91562812108604,38.888076379298624 -76.91067139882652,38.89178414653363 -76.9094053961715,38.89288641838928 -76.90998475331871,38.89453979409838 -76.91073577184288,38.89397197243673 -76.93740765828697,38.91494495875951 -76.96332425459865,38.93520880108076</coordinates></LinearRing></outerBoundaryIs></Polygon></Placemark><Placemark><name>DE salem co</name><ExtendedData><Data name="name"><value>DE salem co</value></Data></ExtendedData><Polygon><outerBoundaryIs><LinearRing><coordinates>-75.47405968918329,39.7446303422679 -75.06138573898798,39.57388736483475 -74.92748986496454,39.51299472731657 -74.94328271164423,39.49021245349454 -74.94225274338251,39.48994749941185 -74.95632897629267,39.483323319214506 -74.96731530441767,39.47404840686321 -75.06893883957392,39.44568600569439 -75.22480736984735,39.510875761072114 -75.45895348801142,39.4074978048289 -75.5461574675036,39.4637120477698 -75.55096398605829,39.58764698978389 -75.57705651535517,39.62732290849891 -75.51457177414423,39.68335942765504 -75.51457177414423,39.69604063368936 -75.4967189909411,39.70555000954048 -75.48985253586298,39.72562105522785 -75.47405968918329,39.7446303422679</coordinates></LinearRing></outerBoundaryIs></Polygon></Placemark><Placemark><name>DE Gloucester co</name><ExtendedData><Data name="name"><value>DE Gloucester co</value></Data></ExtendedData><Polygon><outerBoundaryIs><LinearRing><coordinates>-75.47418973161572,39.74611422524439 -74.92624661638135,39.51607273484899 -74.8356094093501,39.61399994932353 -75.13636014177197,39.88693305157447 -75.19884488298291,39.87744871869943 -75.22699734880322,39.86058444344284 -75.27368924333447,39.848987849413184 -75.32793423845166,39.84951500983006 -75.41513821794385,39.79994423810273 -75.47899625017041,39.75403304361842 -75.47418973161572,39.74611422524439</coordinates></LinearRing></outerBoundaryIs></Polygon></Placemark><Placemark><name>DE Camden co</name><ExtendedData><Data name="name"><value>DE Camden co</value></Data></ExtendedData><Polygon><outerBoundaryIs><LinearRing><coordinates>-75.13673404642334,39.88796394757823 -74.83529666849365,39.6134480558397 -74.72680667825928,39.73764359459504 -74.89091495462647,39.79833873570912 -74.97777561136475,39.9408932300468 -75.04953006693115,40.009824207832324 -75.07905582376709,39.9756305043884 -75.1127014536499,39.97089464242582 -75.13673404642334,39.95457971730202 -75.13673404642334,39.88796394757823</coordinates></LinearRing></outerBoundaryIs></Polygon></Placemark><Placemark><name>Hagerstown</name><ExtendedData><Data name="name"><value>Hagerstown</value></Data></ExtendedData><Polygon><outerBoundaryIs><LinearRing><coordinates>-79.03920802854437,39.99721281306453 -77.23905053435521,39.90553346228963 -77.42215294999984,39.651079336267856 -77.42005103333813,39.648251258648926 -77.41995447381359,39.648102561423805 -77.41920345528942,39.64739211471199 -77.41854899628979,39.646760141443835 -77.41683238252025,39.64588858713411 -77.41563075288158,39.64498397649282 -77.41486402936107,39.644406589388865 -77.41426321454173,39.64374567363721 -77.41314741559154,39.64039142882258 -77.41136642880565,39.6396478549869 -77.41104456372386,39.63911908650662 -77.41055103726512,39.63730141402282 -77.4106368679536,39.63478964252696 -77.4127611774934,39.63379812867075 -77.41542192883617,39.631732429158 -77.41630169339305,39.630608662718274 -77.41800420465863,39.6267216400968 -77.41828315439618,39.62339962536596 -77.41723172846234,39.62017662284221 -77.41761796656048,39.61794522547451 -77.42137305918133,39.61300283741404 -77.4267996315658,39.604108321205175 -77.42935309454798,39.60075215461195 -77.43091950461267,39.597957980524825 -77.43291045183047,39.590404843408855 -77.43539954179629,39.58293029895872 -77.43574286455019,39.580714239242546 -77.4329533671747,39.572709373657595 -77.43089343065127,39.56390957064072 -77.42986346238955,39.55391746311449 -77.42917681688174,39.55186592519777 -77.42643023485049,39.545843318304634 -77.42462779039248,39.53889350693162 -77.42359782213076,39.533928929863194 -77.42309209212964,39.53099406738628 -77.42180463180249,39.52834603583234 -77.40772839889233,39.51166111482903 -77.39777203902905,39.49868118314658 -77.397943700406,39.489010882993135 -77.39665624007885,39.48238661357094 -77.39682790145581,39.480730447621056 -77.39775443497652,39.47655018189094 -77.40058684769625,39.47270749408943 -77.40170264664644,39.4687983352758 -77.40196013871187,39.466545499936544 -77.40144515458101,39.46250346548765 -77.40032935563082,39.45832865888525 -77.3992993873691,39.453954783397336 -77.40487838212007,39.44010236474966 -77.41365435464694,39.433109162070046 -77.41914751870944,39.429197779331105 -77.428073910311,39.42402646174303 -77.4309921537192,39.42223630086147 -77.43320229394747,39.419600702553325 -77.43421080453707,39.41744573680362 -77.43553848698377,39.41278312805397 -77.43592472508192,39.41129108987981 -77.43586035206556,39.410163750972856 -77.43540974095106,39.40893692027572 -77.43442268803358,39.40756085475734 -77.43283482029676,39.4061184436795 -77.43590695357219,39.404510293106064 -77.43925435042277,39.40119421598262 -77.4406276414384,39.39903868130624 -77.45258736955694,39.388732670703654 -77.477092031117,39.37632692938397 -77.4831430946546,39.373440785739 -77.4941294227796,39.37042181816913 -77.49627518999151,39.36982464428533 -77.49953675615362,39.36809944659966 -77.5025408302503,39.36554474866533 -77.50331330644659,39.364847996645636 -77.50408578264287,39.363786265916005 -77.50472951280645,39.35836908315154 -77.50528741228155,39.35216379025245 -77.50683236467412,39.344862740057245 -77.51249719011358,39.32112905915761 -77.51505802015701,39.309733788949345 -77.51625964979569,39.30704413220608 -77.52595851759354,39.29422533557507 -77.52866218428055,39.290638308991014 -77.53042171339432,39.287350039865764 -77.53089378218094,39.28648642843511 -77.53308246473709,39.284227702037676 -77.53757935160631,39.2814886339456 -77.53896839418557,39.280010294910966 -77.5397301415458,39.27866490842943 -77.54020221033242,39.27725305532557 -77.5407922963157,39.2757747315828 -77.54137165346292,39.27511030625724 -77.5427020291343,39.27417179474922 -77.54681117334512,39.27204556288578 -77.54792492812155,39.271455854338846 -77.54821460669515,39.27116515111625 -77.54839699690817,39.270766470449885 -77.5480429453182,39.2703428697565 -77.54731338446615,39.269703310916974 -77.54595082228658,39.26853215557388 -77.54495304053304,39.2676267809378 -77.54457753127096,39.26711179198119 -77.54430931036947,39.26622301181639 -77.54423420851705,39.26363136418456 -77.54418460306886,39.259755622633755 -77.5440129416919,39.258293544447596 -77.543669618938,39.2567483604965 -77.54315463480714,39.25631636749402 -77.54118052897218,39.25543575813039 -77.53315535959962,39.25171381526709 -77.53118125376466,39.25088299747793 -77.53025857386353,39.24998570320949 -77.53004399714234,39.248972079207064 -77.53015128550294,39.24792520625156 -77.53269165949689,39.235859848986415 -77.53174752192365,39.2322033507454 -77.53516462430088,39.22489239189834 -77.5334050951871,39.219805688577516 -77.5369055818171,39.205686242628 -77.53767805801338,39.20169561117202 -77.53827887283272,39.19680677867056 -77.53803086916702,39.19549694746791 -77.53738713900344,39.19333507003651 -77.53506971041458,39.18708188091367 -77.53515554110305,39.181992438675785 -77.53738713900344,39.176137461130196 -77.53773046175735,39.17464037155235 -77.53682923952834,39.1717126375954 -77.53641608236927,39.17012924478768 -77.53624442099232,39.16297558465462 -77.54281046866078,39.14696871508862 -77.95332981807687,39.15820665565462 -78.0585322710592,39.021617804952896 -79.09415020284398,39.03599495066444 -79.03920802854437,39.99721281306453</coordinates></LinearRing></outerBoundaryIs></Polygon></Placemark><Placemark><name>PG1-A</name><ExtendedData><Data name="name"><value>PG1-A</value></Data></ExtendedData><Polygon><outerBoundaryIs><LinearRing><coordinates>-77.14950769982154,39.012940746472765 -77.1516963823777,39.00902255511673 -77.15354174217994,39.00573777638935 -77.1565243586045,39.001552380480895 -77.1575962535494,38.999452788416185 -77.1580468646639,38.99680127505721 -77.15757479587728,38.99266538291965 -77.15682377735311,38.98769532183965 -77.1584974757784,38.98465974375105 -77.1610723964327,38.98370901395551 -77.16395209663926,38.983104185118485 -77.16828654640733,38.982837309021996 -77.17199872368394,38.98173643449014 -77.17611859673082,38.97980152261915 -77.17822144859849,38.97679896847908 -77.17911392450779,38.971970662039986 -77.17913538217991,38.968700846488765 -77.16608911753147,38.968567381423185 -77.14915901422947,38.96578124076283 -77.14220833153063,38.96161487893353 -77.13502001137071,38.953839341921444 -77.1283597217281,38.94196468486087 -77.11950713412271,38.934192308928075 -77.11987240515664,38.93454005078421 -77.1013423367871,38.94885980137679 -77.04104143646032,38.99552847445756 -77.0023163564735,38.96612351331423 -77.00253554951419,38.96585437016566 -76.91073716690696,38.89397348780868 -76.90996772808857,38.89455296744887 -76.9100267366869,38.89471475400981 -76.90913967711226,38.89520379440288 -76.90728358847396,38.89595948412521 -76.90096031583538,38.901431313056634 -76.89883206258635,38.904102080614756 -76.89462788604699,38.9073288629701 -76.89329737741318,38.908362079975134 -76.8912046594386,38.91037961786964 -76.89002464831962,38.91138393162695 -76.88932190955772,38.9119453528757 -76.88841782318295,38.912683449626996 -76.8805100242036,38.91808291105309 -76.87791364587719,38.920837537997514 -76.87578933633739,38.924209723570286 -76.87441955011354,38.926154308570574 -76.86931272895855,38.92384973991264 -76.86617990882915,38.9216127520683 -76.86416288764995,38.920377370342806 -76.85974260719341,38.91797332263053 -76.85553690345806,38.917005002626105 -76.85251137168926,38.91707178374027 -76.85184618385357,38.91723873625072 -76.85330530555767,38.92286480619415 -76.8540551121389,38.92674014663269 -76.85487050367942,38.93411806708293 -76.85538548781028,38.937489621372364 -76.85624379469505,38.940861015367815 -76.85796040846458,38.94523357473053 -76.86173695875755,38.95160834979997 -76.86585683180442,38.95895980345299 -76.86813134504905,38.968036085929825 -76.87025565458885,38.97425867380609 -76.89692574713001,39.005002741962976 -76.90198975775013,39.01030505461547 -76.90344887945423,39.01157221514437 -76.90851289007435,39.01512347828086 -76.91095906469593,39.01675733287651 -76.91610890600452,39.01829112120376 -76.91870528433094,39.01845783532161 -76.92653733465443,39.018191092544384 -76.93136531088123,39.01912468786226 -76.93529206487904,39.0207251082996 -76.93902569982777,39.02145862222647 -76.94244626832497,39.02155522839515 -76.94667342973244,39.020988423621645 -76.95141557527077,39.02033825960947 -76.95800308061135,39.01925463963636 -76.96424726319802,39.01843774590872 -76.96952585053933,39.01830437460799 -76.97434144270666,39.018637214916126 -76.98013501417883,39.01973751544417 -76.98464112532385,39.019770857617125 -76.9917650724674,39.01817041557985 -77.00026231062658,39.015903060682284 -77.00403886091955,39.01516948912045 -77.00605588209875,39.01526952205425 -77.00957494032629,39.01656993731678 -77.01620386011629,39.015895307760694 -77.02648766646358,39.01693035074937 -77.02923424849483,39.01629682132502 -77.03120835432979,39.01556325384793 -77.03322537550899,39.014196130516645 -77.03507073531124,39.01349588637985 -77.04382546553585,39.01346254124801 -77.05082066664669,39.013729301862504 -77.06056244978878,39.01432950956609 -77.06253655562374,39.01339585093716 -77.06386693129512,39.011395112368014 -77.06579812178585,39.00969444008249 -77.06837304244014,39.00689324364511 -77.08129056105587,39.005125765005694 -77.08450921187374,39.006226275761755 -77.08721287856075,39.007793640312215 -77.08837159285518,39.00932762305183 -77.09021695265743,39.011061650437036 -77.09365018019649,39.012528871173124 -77.09485180983516,39.01442954368809 -77.09669716963741,39.01566328622472 -77.10549481520626,39.01879756235046 -77.10897095808956,39.01816404965528 -77.111932116842,39.016163445986116 -77.12278969893428,39.015296500151344 -77.12892659316036,39.013729301862504 -77.13674850889883,39.01286723565239 -77.14932270476065,39.013200689070175 -77.14950769982154,39.012940746472765</coordinates></LinearRing></outerBoundaryIs></Polygon></Placemark><Placemark><name>TX - CITY WEST B (DAVID)</name><ExtendedData><Data name="name"><value>TX - CITY WEST B (DAVID)</value></Data></ExtendedData><Polygon><outerBoundaryIs><LinearRing><coordinates>-95.54792769089487,29.85012140333438 -95.530003720981,29.850083311926156 -95.52831166520673,29.850922363561857 -95.52727406843206,29.851105382864862 -95.52548658518069,29.85087469429366 -95.51939472248414,29.850875667064958 -95.51635415555388,29.850894764199023 -95.51333504629577,29.850960388176425 -95.51113506887982,29.85100672460138 -95.50724558279636,29.85167196063272 -95.50465965029414,29.85154624379184 -95.50409044789154,29.85148342948802 -95.50319938040712,29.851327561858017 -95.50214273195033,29.850959805480997 -95.50008837997699,29.85061551204507 -95.49268827537094,29.850545724398952 -95.48893457888762,29.850538746781076 -95.4850950517158,29.85055968538032 -95.48193533874327,29.850594556841266 -95.48112524086781,29.85057359588593 -95.48007910859904,29.85052006600261 -95.4787916128954,29.85030021359017 -95.47684699367137,29.849541230722366 -95.47506197472784,29.84902215400434 -95.47332456941638,29.848888239777136 -95.47147451132629,29.848903214424663 -95.46683690118658,29.848917148961576 -95.46573045459147,29.84881244948274 -95.46443157718777,29.848490237740897 -95.46318132366657,29.847870829014607 -95.46163619921387,29.84690041745804 -95.46108626033576,29.84654781557446 -95.46020372753979,29.846251047298143 -95.4586372820986,29.84586949661746 -95.45703866783751,29.845995119450837 -95.45509137524857,29.846383634121434 -95.45339487583561,29.846480762552922 -95.45136578250482,29.846522056220234 -95.44660083597883,29.846637796058953 -95.44337078466714,29.846891086795324 -95.4333815666379,29.84697687373692 -95.41961645228523,29.847004784998234 -95.41580234222192,29.847018740625966 -95.41300412510013,29.84706755840712 -95.41189536381005,29.84714783746556 -95.40589961769483,29.847158323572035 -95.4049796023145,29.847076892524804 -95.40430577272744,29.84681169900573 -95.40305078762651,29.845889248859578 -95.4021443453385,29.845428020591026 -95.40083281730972,29.845234629268177 -95.3946624315607,29.84549155741476 -95.3835091539694,29.845526962547492 -95.37209602835735,29.845656335510146 -95.3706380846309,29.84574893949131 -95.36893278868627,29.8461395572544 -95.36389589465071,29.84624180753639 -95.36136671879687,29.846330155840125 -95.36070760274326,29.846339447432573 -95.36006994436178,29.8464278382675 -95.35948190684708,29.846418518271523 -95.35913960832745,29.846476672342398 -95.35881876747995,29.84651156192752 -95.35620202486515,29.836302063447242 -95.35472199218079,29.830377885150472 -95.354411129281,29.828830403523213 -95.35498281233062,29.826718505211062 -95.3552281848637,29.824841315541388 -95.35595168594959,29.82293468243541 -95.35571262167322,29.820789912564642 -95.35496112319613,29.819070674256665 -95.35332906514998,29.81684726017383 -95.35272793158937,29.816272781731328 -95.35221262871724,29.815586596100758 -95.35220973678258,29.81488841059955 -95.35219620705205,29.813174209686522 -95.34866900948839,29.811978005482704 -95.33966874895773,29.80890702416113 -95.3373332149461,29.807837064400964 -95.33966567712606,29.803149890634458 -95.33980193995433,29.78427022717943 -95.34025630946658,29.776430789312947 -95.3405907825833,29.77083454552133 -95.34171288555096,29.76997340960252 -95.3424026830675,29.76942177049159 -95.34259895412534,29.769037762361876 -95.34889504205665,29.770168052546612 -95.35132874900654,29.770031783467665 -95.35353541156354,29.769386727012964 -95.35889287425078,29.766979025714296 -95.3617972069739,29.767453453020256 -95.36494512107737,29.769892378185954 -95.37064013446496,29.77760099827638 -95.37447706065421,29.778863097667085 -95.37794520929737,29.778705401475182 -95.38187469789108,29.777374372428046 -95.38597584786174,29.776751061170625 -95.39195990856086,29.7766026739429 -95.39497339658254,29.776509855651337 -95.39790105391575,29.776640532395415 -95.40148185533752,29.77675288906853 -95.40597592273542,29.77727467980913 -95.41070602452663,29.777815092186742 -95.41937534315792,29.777335732171885 -95.42570577552823,29.777424416493915 -95.42829163456616,29.77739426092317 -95.44329601656926,29.778980871761505 -95.45154123185483,29.779040290744735 -95.45432083858458,29.780335095657403 -95.45416568955687,29.78072175878387 -95.45699026519713,29.78243757203235 -95.4600508752307,29.78404161676126 -95.46523642344681,29.78412818548661 -95.46969241081086,29.78402852232568 -95.47460973812548,29.783900924236118 -95.47956998078433,29.783847818939982 -95.50041242121068,29.784318927405582 -95.52125486163703,29.784417571825177 -95.54218313275186,29.78446034680876 -95.55253997994868,29.78448173429373 -95.56308994619457,29.784512433328754 -95.56369907990243,29.850242374051618</coordinates></LinearRing></outerBoundaryIs></Polygon></Placemark><Placemark><name>TX - HUMBLE (DUSTIN)</name><ExtendedData><Data name="name"><value>TX - HUMBLE (DUSTIN)</value></Data></ExtendedData><Polygon><outerBoundaryIs><LinearRing><coordinates>-95.4355203109177,30.09670417082083 -95.43533792070468,30.08840537726176 -95.43677022031864,30.082826042873716 -95.43707465104183,30.080827710537008 -95.43472372694863,30.068108205761522 -95.4337768911122,30.063589653870395 -95.43334638853823,30.058210257179 -95.43180076157985,30.053403163403015 -95.42905350498279,30.036447837519752 -95.42918627432903,30.02400806240906 -95.42758016958085,30.01015269828165 -95.42692054682638,30.00503397484985 -95.42059609863247,29.972408477541407 -95.41841298115753,29.96288211433167 -95.41841973684588,29.959222290787345 -95.41795442374759,29.952327410247978 -95.41369785837253,29.940525794378654 -95.40318359903415,29.94078611026072 -95.3942427640748,29.938649163011874 -95.38118205606858,29.938892271447433 -95.380653222498,29.938755051861115 -95.38063937305829,29.93869220954778 -95.37983919798255,29.938492147245803 -95.37815165011752,29.938912758193545 -95.37438963277681,29.938751176743544 -95.37165031722168,29.93896789527852 -95.36805269478181,29.939184613341293 -95.36452671183442,29.939116003773396 -95.35997422298522,29.93915607608718 -95.35641051823347,29.939101735137534 -95.3544775965628,29.938973016961448 -95.35234636230315,29.939053161688097 -95.34600942430814,29.93891017478584 -95.33393636313747,29.939256406981208 -95.32611192104639,29.939230753507427 -95.31724366125385,29.939476954375973 -95.31060699936171,29.939351270621717 -95.30298260103956,29.94004502242624 -95.29879143025646,29.93962312457121 -95.29744720514536,29.94011810713335 -95.29571810896118,29.940201435026523 -95.2929590445153,29.94504472856489 -95.29001310222766,29.952225908918727 -95.29410527639509,29.94304559710324 -95.27635354034523,29.984170486611198 -95.28636042378515,29.961383854854823 -95.2848407331809,29.96456383251545 -95.28111972912632,29.973403315985173 -95.29442980128727,29.943133291198553 -95.29529442361911,29.94108361329173 -95.29490818552097,29.94079540724388 -95.2946077781113,29.94050720036102 -95.29499401620944,29.940535091386188 -95.2630006270798,30.01504590558813 -95.25550117067417,30.037241960920525 -95.2392255263718,30.093009715642058 -95.22911896280368,30.128741742754777 -95.24375309518894,30.079437441578925 -95.2501582103165,30.057905507262006 -95.25321056417545,30.04717493168984 -95.25589813760837,30.036647529968 -95.238002439061,30.097855178899152 -95.24624218515476,30.070078728781272 -95.24409641794284,30.079511713536462 -95.24216522745212,30.084227868640813 -95.23937573007663,30.094364984077934 -95.23551334909519,30.107062761016376 -95.23371090463718,30.113336791204524 -95.23398985437473,30.112371581723753 -95.23497841603478,30.109331322310627 -95.2378431095591,30.0987620457519 -95.23449039543868,30.111205312966725 -95.23225348026847,30.117893340853122 -95.23098766620626,30.122631355266844 -95.23017246325855,30.125197716311142 -95.25354005678912,30.04517944833881 -95.22942201051285,30.12771859430605 -95.25210314712842,30.05184940530579 -95.22867438665946,30.129648253049478 -95.23249686978181,30.129656100567175 -95.2409542100819,30.129923767604286 -95.25294519312104,30.133908411911133 -95.25673934541067,30.136890811501452 -95.26007903091033,30.13777084305464 -95.26375432781299,30.137749422722017 -95.26755669436773,30.137789744410245 -95.2754360186251,30.13775583794905 -95.28793310097774,30.137984937392467 -95.30949403814395,30.137181256670033 -95.31826083830913,30.138957000306462 -95.32987078003009,30.14225433165464 -95.33686866334995,30.14172330413449 -95.33935373000224,30.14054852425336 -95.3397788601311,30.142788110737236 -95.34065460137447,30.162282912668736 -95.34865630141815,30.162595440844434 -95.35588552526553,30.1613124565457 -95.36520351938327,30.160306262245633 -95.3679648535641,30.160422362112 -95.37411649993976,30.16039003969103 -95.38121228388866,30.160357717259476 -95.38873722127994,30.160102761026536 -95.39210071138461,30.160196104942727 -95.39993007949909,30.15992534936466 -95.40621449522098,30.159951439334872 -95.40836562685092,30.159743878935608 -95.41381587556918,30.159838962524702 -95.41964163354953,30.15973924070941 -95.42270471624454,30.159262661804185 -95.42441596559604,30.159398330486187 -95.42998423151096,30.159224396244742 -95.43577780298313,30.158709549091967 -95.44264425806125,30.159071333858908 -95.44897963575443,30.158257316267495 -95.4439853625687,30.13072286783026 -95.44122268728336,30.11825318063113 -95.43601383737644,30.109717207026897</coordinates></LinearRing></outerBoundaryIs></Polygon></Placemark><Placemark><name>TX - PASADENA (BRAD)</name><ExtendedData><Data name="name"><value>TX - PASADENA (BRAD)</value></Data></ExtendedData><Polygon><outerBoundaryIs><LinearRing><coordinates>-95.26419511816542,29.77446573821267 -95.26333681128065,29.774838237063303 -95.26385179541151,29.775136235146203 -95.25415292761366,29.77662621225953 -95.24690023443739,29.784485474608733 -95.23518434546034,29.791450276730814 -95.22501340887587,29.797930459449304 -95.21690240881483,29.805303949967644 -95.20996740210904,29.81275136840435 -95.2054689313864,29.818414956817247 -95.19963244457,29.821952085899262 -95.19059876460784,29.825000450819992 -95.18366793651336,29.82913302229473 -95.1759860898947,29.83248363046331 -95.16811112422698,29.835908580458028 -95.16199568767303,29.83855166811538 -95.15593389529937,29.84111092930649 -95.15111664790862,29.843409555275176 -95.1430271055197,29.845964039070694 -95.13525942821258,29.84972817751904 -95.12991646785491,29.852082436725695 -95.11811474818938,29.856065009695183 -95.09410629529708,29.864841462629958 -95.09188676733726,29.85002478931947 -95.09069720763915,29.83461027763432 -95.08951971788161,29.829986972684075 -95.08731225986236,29.825959148165076 -95.08328894634002,29.80984622683073 -95.0791923585079,29.806848914154017 -95.07646906169138,29.801170266321815 -95.0619011298651,29.798172693656614 -95.06388687830744,29.78907628022439 -95.07067914530447,29.779979039999724 -95.06964308622386,29.775988023593957 -95.0680062123239,29.772145851504195 -95.06638311266944,29.768259672613567 -95.06613330403063,29.76623601101974 -95.06494704124518,29.76032582188329 -95.05698333928551,29.746965916344994 -95.04327728164401,29.741087950877894 -95.03523604944196,29.73092412642356 -95.0200977226111,29.713277058046767 -95.01410036410297,29.709568356669394 -95.00801717490641,29.706381373190382 -94.96456180999495,29.688528637801962 -94.9566653866551,29.68315990415232 -94.94816814849592,29.652955435131144 -95.03022228667952,29.65235871229993 -95.03536119161866,29.651935131843537 -95.04681958853028,29.65176730220346 -95.05795612036012,29.651543528914697 -95.06132497488282,29.65187918866128 -95.07366313635133,29.651692711162497 -95.0833834618213,29.65152488111818 -95.08625878988526,29.65122651590396 -95.08902682958863,29.650853558142362 -95.0939191788318,29.650909501894706 -95.09788884817384,29.65076031848603 -95.09780301748536,29.64552011097442 -95.09842528997682,29.643319515461947 -95.09960546194337,29.64136131799532 -95.1014293640735,29.639645532721723 -95.10605400428142,29.635990066606347 -95.10723417624797,29.635244036810658 -95.10912245139446,29.63474046357455 -95.11249130591716,29.634386095713886 -95.11547392234172,29.63362140292435 -95.11852091178264,29.63349084503857 -95.13242548331584,29.633267031126415 -95.1356226764616,29.633192426378486 -95.13706034049358,29.63300591426697 -95.1401073299345,29.63162571390761 -95.14130895957317,29.631252683537056 -95.14270370826091,29.63114077415652 -95.15012806281413,29.63093560663597 -95.15697306022014,29.630823696903153 -95.16853874549236,29.63058122538891 -95.17137115821208,29.63004032529237 -95.17514770850505,29.62619798584482 -95.17819469794597,29.62464981736925 -95.18643444403972,29.61968805691608 -95.18806522712077,29.61849421342788 -95.19046848639812,29.617356318190012 -95.19171303138103,29.616330336060187 -95.19295757636394,29.61537896148044 -95.19428795203532,29.614763361379097 -95.19679849967326,29.61317770744071 -95.19778555259074,29.612506128841854 -95.2003175579008,29.610789852096026 -95.2029997669157,29.609260102543082 -95.20482366904582,29.607581082413052 -95.20941561087932,29.603644603382897 -95.21458690986003,29.601480407267726 -95.21958654746379,29.601088608178486 -95.22297685965862,29.601051293900145 -95.2253157459196,29.601181893813987 -95.22761171683635,29.600864722301242 -95.22999351844157,29.600827407940084 -95.23342674598064,29.600547549791106 -95.24097984656657,29.600808750754315 -95.24924105033244,29.600808750754315 -95.26033276873422,29.600328395178263 -95.26431040784453,29.60049363470361 -95.26878433248137,29.60017646102644 -95.27486758252715,29.599626069043012 -95.28619401641242,29.600223104276807 -95.28563025486503,29.61161104361311 -95.28530692628851,29.616706326104833 -95.28543412321937,29.624462933487024 -95.28560578459633,29.63202411680819 -95.28783738249672,29.635922186113564 -95.28880297774208,29.637600734079793 -95.28903901213539,29.638682450166748 -95.28856694334877,29.64203440726801 -95.2889317237748,29.659563463939282 -95.28914630049599,29.670713338625955 -95.2892992860009,29.676885444931976 -95.28948399853392,29.678942217752304 -95.29020283054992,29.681514879683732 -95.29034230541869,29.68521174495301 -95.29057304133083,29.692855064109988 -95.29171029795314,29.695669685199473 -95.29164592493679,29.69617295350827 -95.29151717890407,29.696303430065697 -95.28868441413267,29.697233433842477 -95.266411350473,29.71022562707097 -95.2661961464149,29.73133930075634 -95.26495097409506,29.752299499167258 -95.26538012753744,29.761315577124744 -95.2658951116683,29.767611448043237 -95.26520846616049,29.770777860797402 -95.26487882076157,29.772518420514736 -95.26436677954237,29.773720736354928</coordinates></LinearRing></outerBoundaryIs></Polygon></Placemark><Placemark><name>TX - SE 2 (TRACY)</name><ExtendedData><Data name="name"><value>TX - SE 2 (TRACY)</value></Data></ExtendedData><Polygon><outerBoundaryIs><LinearRing><coordinates>-95.17365859807634,29.574417511440142 -95.17232822240496,29.573260456618097 -95.16859458745623,29.5696399091016 -95.16018317998552,29.559748060864404 -95.15842365087175,29.557844235519454 -95.15337631793736,29.553216815372455 -95.1479618989939,29.54734302310469 -95.14521531696265,29.54458025899378 -95.1418035470957,29.540379966194845 -95.13811282749121,29.537075613223823 -95.13672919257966,29.5346016100657 -95.13528765180408,29.532994757092702 -95.13389290311633,29.532247965563883 -95.13292730787097,29.531071757724085 -95.13159693219959,29.52993287678153 -95.13147728504872,29.52945016234191 -95.1310470836142,29.529196744711125 -95.1301995055655,29.528356572304897 -95.13073488216192,29.528697119531362 -95.12627168636114,29.523917355385322 -95.1121096227625,29.499492223830973 -95.11247496663586,29.500903116338336 -95.11217455922619,29.50013741217895 -95.11108021794811,29.498176436103495 -95.10894969916995,29.494497807582977 -95.10539845443424,29.489342873618263 -95.11425271908602,29.503328969881807 -95.11163116402152,29.499164502572828 -95.1169955820513,29.508741259458155 -95.11526709829141,29.504973318301815 -95.11297112737466,29.501499729195487 -95.11219865117837,29.49984693125216 -95.11091119085123,29.497764554198714 -95.10938769613077,29.495327278243263 -95.10726088257202,29.492130397098432 -95.10537260742554,29.488762091087665 -95.10333880199829,29.48513557636411 -95.09823187603394,29.476944702171746 -95.08992590212522,29.465310197120022 -95.0809761980529,29.45416014894758 -95.06751150879813,29.43823057157608 -95.05009860787345,29.420205179481727 -95.0387072661872,29.408333679394545 -95.02559931073142,29.395862555054045 -95.00075669083549,29.37271086078342 -94.98649002108527,29.362105504674293 -94.97325331959678,29.35479074181295 -94.95916769895507,29.349188012293226 -94.94885862860633,29.342986426275505 -94.93270368370963,29.33058212217329 -94.95275587830497,29.331255570827846 -94.96281634140564,29.33209620622322 -94.97905661407663,29.337127012838597 -95.00531443450404,29.34486856861116 -95.05727217588378,29.361023167956855 -95.09148442242099,29.3579140157854 -95.10878366473867,29.3562097860946 -95.12599707636787,29.354131475635928 -95.1289923075567,29.353810607841307 -95.14142891447796,29.35386379364764 -95.16239683199478,29.35187544385029 -95.1674949150513,29.351479756442163 -95.17748534735097,29.3495877999881 -95.19343216959192,29.346626762099422 -95.20039199907137,29.346615072083335 -95.20623602960063,29.34413442033177 -95.21270350608779,29.341394176862423 -95.23073666784717,29.34247906022005 -95.2412552857752,29.34253517456241 -95.24785942919357,29.34235514093797 -95.25446357261194,29.342474384023475 -95.26370700970097,29.343005130966674 -95.27295044678999,29.3433114197951 -95.28036516215457,29.342577260298903 -95.28061301503135,29.34184309551439 -95.26483760271026,29.33021733562844 -95.26198809090806,29.327479056505087 -95.26056333500696,29.32364043129945 -95.2579369494672,29.3209990271591 -95.18614829573585,29.264468993145343 -95.16578932348443,29.249429442493874 -95.14405706021739,29.16965505624567 -95.11844531688644,29.067551781280443 -94.84886855874015,29.248388034974397 -94.82757752403995,29.26024277537829 -94.78837836116347,29.286651897007488 -94.7206384424514,29.331473066942717 -94.8177232210047,29.377553467541638 -94.88047572416737,29.47862110660727 -94.98950123830521,29.65062181757891 -95.0301837896428,29.652413325090613 -95.03546237698411,29.65192848544819 -95.05833625546312,29.651555530287805 -95.06129741421556,29.651891189994362 -95.08345521516459,29.65149971905007 -95.08890546388285,29.650865691754102 -95.09386218614237,29.650921635499678 -95.09787477082865,29.650735156226776 -95.09778894014018,29.64554587547491 -95.09843267030375,29.64323338458206 -95.0996128422703,29.641331134515696 -95.1022538845625,29.63900445618919 -95.10555836606885,29.636337454062662 -95.10712477613355,29.635274363597325 -95.10914179731274,29.634733488702736 -95.11244627881909,29.634360469841667 -95.11545035291577,29.633633079089048 -95.13547036100293,29.63322275378292 -95.13707968641187,29.63299893927503 -95.13995501447583,29.63169334473362 -95.14147850919629,29.631208405308115 -95.15634003500487,29.630849290842555 -95.15288795013815,29.630978631984703 -95.14301484293036,29.631202329133373 -95.14961307710699,29.631043790728324 -95.14669483369879,29.63119300335177 -95.15524084382334,29.630989525632973 -95.15609297539311,29.630947994969887 -95.1629663848847,29.630654231692244 -95.16527681004008,29.630777308509053 -95.17034618507823,29.630712027744085 -95.17140833984813,29.628944768104198 -95.17381166505164,29.62638183522865 -95.1758394150669,29.625076154925846 -95.18009876298255,29.623695845921795 -95.18331741380042,29.62118699262618 -95.18938993501014,29.618668749926897 -95.19397114800758,29.61518974076225 -95.19894932793922,29.61173859426671 -95.2029619126255,29.60910992485121 -95.20431989529764,29.60784532274286 -95.2039336571995,29.607975913857963 -95.205285490543,29.606725963389522 -95.20627254346049,29.606539402289094 -95.2066522793511,29.60697869804211 -95.19300519988333,29.594814222409795 -95.18540302201463,29.587521149103804 -95.17571853459978,29.578299146882934</coordinates></LinearRing></outerBoundaryIs></Polygon></Placemark><Placemark><name>TX - SE 1 (REMY)</name><ExtendedData><Data name="name"><value>TX - SE 1 (REMY)</value></Data></ExtendedData><Polygon><outerBoundaryIs><LinearRing><coordinates>-95.3185722193379,29.337821579995513 -95.33533066126294,29.33033904918033 -95.35208910318799,29.357273589754314 -95.36163776728101,29.353084239880246 -95.37736624094434,29.352485747263014 -95.40092676493116,29.351288751481093 -95.41545360895581,29.350989500338272 -95.42654722544141,29.352485747263014 -95.42663305612989,29.40416757899328 -95.42654722544141,29.413513876347185 -95.42671888681836,29.419868867632356 -95.42701918939704,29.42766445165126 -95.42701918939704,29.433084155350308 -95.42691190103645,29.439670877804385 -95.42580683092231,29.446589475062886 -95.42332846979255,29.453507600713777 -95.40087120751733,29.48233507354335 -95.39188676696202,29.494362474768185 -95.38881030155814,29.50099951703988 -95.38726534916556,29.50874026680948 -95.38673963619864,29.511223904288336 -95.3867199120946,29.519087500367814 -95.38714370111896,29.540721698367392 -95.38739046434833,29.54424994411967 -95.3870386754566,29.54937200270902 -95.38770922771032,29.553585921301654 -95.3876341258579,29.558331619220166 -95.38699044086657,29.563557695292673 -95.38664631613294,29.571152990486574 -95.38577728041211,29.59704412572644 -95.35836513096132,29.597651689910595 -95.3543096309308,29.59784096839015 -95.349912998736,29.599414655757087 -95.34405559094778,29.59956497689742 -95.33585072707892,29.599580951426837 -95.32886212895514,29.59987348989412 -95.32256430218817,29.600675753205255 -95.31176418736648,29.60004676670318 -95.29833012415294,29.59953319337116 -95.28583197935406,29.599858597306685 -95.27604728086773,29.599336189782385 -95.26613383634869,29.599951884079857 -95.25697141035381,29.600530260147718 -95.24054767153841,29.600865616561418 -95.22753359339815,29.600930916659756 -95.21698094988466,29.601003048785703 -95.20863391543031,29.603745612772983 -95.2068314709723,29.60492097450695 -95.20575858736635,29.606301540634473 -95.18669344568849,29.588612683991464 -95.17020322466493,29.570920725926893 -95.12623645449281,29.523877226063426 -95.11401943967617,29.502769016413474 -95.11399798200405,29.50267563988805 -95.12723736570156,29.524990180092836 -95.14442496106899,29.54380899558113 -95.13891237204844,29.53721907472911 -95.13668077414805,29.534269339279444 -95.12868033047933,29.526740959959064 -95.1243887960555,29.520486023927116 -95.12245760556478,29.516639513051473 -95.1159773885848,29.506798501847285 -95.11355448692649,29.502942172024884 -95.11189484148495,29.499088878847285 -95.1101832182133,29.496072698201942 -95.10704085905384,29.491459489905864 -95.10324285108875,29.4847727665114 -95.08610343462996,29.460971630417795 -95.0771770430284,29.449163287031855 -95.07116889483504,29.442436401135822 -95.06447410113387,29.43481205817906 -95.05743598467879,29.42823373360976 -95.05434607989363,29.42479489436455 -95.05211448199324,29.421056893574907 -95.04888618016975,29.417771555775794 -95.04571096472577,29.41564649798368 -95.04994309399835,29.420168910816187 -95.05148804639093,29.42203794473979 -95.05165970776788,29.421888423291207 -95.04453576062433,29.414262537629064 -95.04387937338812,29.412806488402722 -94.99590001852972,29.368384915387836 -94.97712455542548,29.356191765999174 -94.95182595999701,29.344595699412913 -94.93384443076117,29.330678677686222 -94.96261916907294,29.3322874627923 -94.97766099722845,29.33688919631803 -95.01873098166449,29.349084655937215 -95.05722604544623,29.3610542398369 -95.10361753256781,29.35686504545257 -95.12902341635687,29.353872658264187 -95.1413830354975,29.353872658264187 -95.16747556479437,29.351478685226635 -95.19356809409125,29.346690570398614 -95.20043454916937,29.346690570398614 -95.212702175431,29.34139104957697 -95.23088068997534,29.34251559764437 -95.24119796400522,29.342588161625137 -95.25046767836069,29.34228888493122 -95.27153251026424,29.343575717858208 -95.28136366238185,29.342661601931802 -95.25778168072291,29.34326015225203 -95.27720087399074,29.342511963802504 -95.26522749294826,29.34340978928276 -95.27535551418849,29.34326015225198 -95.28136366238185,29.341614130413326 -95.29260748257228,29.323206803256276 -95.3075858912129,29.343507936130933</coordinates></LinearRing></outerBoundaryIs></Polygon></Placemark><Placemark><name>TX -  MILEAGE (TRACY/BRAD)</name><ExtendedData><Data name="name"><value>TX -  MILEAGE (TRACY/BRAD)</value></Data></ExtendedData><Polygon><outerBoundaryIs><LinearRing><coordinates>-95.16755118903605,29.249980861296788 -95.11945470009266,29.066476649162286 -95.3337470293081,28.910874556867192 -95.34936821461083,28.935365299663463 -95.34842407703759,28.938520128068223 -95.38035309315087,28.947092046514424 -95.38842117786767,28.94919503809185 -95.39666092396142,28.956555172369168 -95.40678894520165,28.96586724562515 -95.41983520985009,28.969021145048462 -95.44112122059228,28.969321511409774 -95.45181679202085,28.97046476373172 -95.47808098269468,28.981577583444267 -95.49147057009702,28.98563196369161 -95.51292824221616,28.984881164524847 -95.5178045544962,28.986790989356045 -95.55145018437901,29.014716531987485 -95.56638472417393,29.03302918746746 -95.56818716863194,29.035730779723757 -95.56956045964756,29.040008156177734 -95.57059042790928,29.050963434565233 -95.57239287236729,29.0550901213219 -95.57608359197178,29.059666798965846 -95.58012837990053,29.063408630080083 -95.59205884559877,29.070385543630657 -95.60527677162416,29.077887074289197 -95.62064046486147,29.08636314669977 -95.62570447548158,29.090113398640252 -95.62973851783998,29.094463519800147 -95.63248509987123,29.09866346239795 -95.63937085739208,29.11180378542195 -95.65336125961376,29.138121160658642 -95.73360421571662,29.29825396786083 -95.67564007460312,29.35149507858577 -95.61470028578476,29.352392824922582 -95.58658747957756,29.34993497928121 -95.55259852694084,29.350683113233252 -95.54676204012443,29.353226727580093 -95.54418711947014,29.354274079735347 -95.53783564852287,29.35457332123055 -95.51963954256584,29.35277785907453 -95.45475154207756,29.354423700592832 -95.45097499178459,29.35188011613048 -95.42471080111076,29.352248859928924 -95.4187026529174,29.351051861363914 -95.36188273714592,29.352697730765172 -95.35141139315178,29.357635179434215 -95.33973841951897,29.338931458930027 -95.34025340364983,29.336836428464164 -95.33664851473381,29.330401422841224 -95.33623595228154,29.329798729789793 -95.30759192182447,29.34349959182886 -95.2931723661604,29.32247345484656 -95.28055525495435,29.341629114801393 -95.265363223094,29.330608932832916 -95.26218748762037,29.327466114464794 -95.2609858579817,29.32424836674817 -95.25977383493975,29.322560090209468 -95.16755118903605,29.249980861296788</coordinates></LinearRing></outerBoundaryIs></Polygon></Placemark><Placemark><name>TX - SW 2 (ANDRES)</name><ExtendedData><Data name="name"><value>TX - SW 2 (ANDRES)</value></Data></ExtendedData><Polygon><outerBoundaryIs><LinearRing><coordinates>-95.46045861687104,29.728955383054274 -95.46113453354279,29.728694514623758 -95.46117744888703,29.72850817961527 -95.46806831308865,29.726189806791844 -95.48221637658347,29.72581370581228 -95.48747350625266,29.72569258461869 -95.49081282056629,29.723740712207476 -95.50287191874827,29.722646490629096 -95.51377673896977,29.721852454291938 -95.5235745651123,29.721034190662422 -95.55730430021995,29.718323215966223 -95.55661613818489,29.691896863919084 -95.558983419516,29.681909806277638 -95.56036817907696,29.668770416515652 -95.55811874722565,29.661124383845273 -95.55490232548235,29.656665326097087 -95.51361634601865,29.62299454095711 -95.50810963514627,29.62036697879539 -95.5037751853782,29.618762759149174 -95.50023466947854,29.617065243112833 -95.49677998426736,29.614882680484207 -95.45853992740611,29.597241589093503 -95.45457025806407,29.5964206404695 -95.43267703562637,29.596476677524457 -95.4292438080873,29.59699909985894 -95.42647576838394,29.597167020748984 -95.42637962542045,29.597088270055913 -95.42643863401878,29.597167565996507 -95.42644399843681,29.597181559391316 -95.42327710219845,29.6042601856663 -95.4205822747467,29.610965209610296 -95.4081115880439,29.642465536810164 -95.39312053495753,29.68039331281879 -95.39314638660319,29.680722344896413 -95.39307128475077,29.68072234489639 -95.39278160617717,29.680778272039415 -95.38545381114848,29.70298069868261 -95.37745009944804,29.72684415089124 -95.39323799630282,29.6805923103864 -95.37734606710666,29.727061956025086 -95.39298871008151,29.68055989099599 -95.3771744057297,29.72736009616985 -95.3752347924006,29.732748939739494 -95.39292611876391,29.680569076582156 -95.37505187788867,29.73277291356088 -95.39292611876391,29.680755500555513 -95.37522353926562,29.73297367938015 -95.38927779400925,29.731911158523125 -95.40923342908005,29.73071864672289 -95.46034136940713,29.7289672016309 -95.45248786141153,29.729451669716727 -95.44975679505431,29.729456198206183 -95.44693989800862,29.729535260032687 -95.44164942667115,29.729357983573543 -95.44600840146722,29.729452983884165 -95.45105402177109,29.729287117215083 -95.46045861687104,29.728955383054274</coordinates></LinearRing></outerBoundaryIs></Polygon></Placemark><Placemark><name>TX - SW 1 (JOHN L)</name><ExtendedData><Data name="name"><value>TX - SW 1 (JOHN L)</value></Data></ExtendedData><Polygon><outerBoundaryIs><LinearRing><coordinates>-95.37514329605433,29.73298582220624 -95.37349105530116,29.73295787317256 -95.37221432381007,29.733106934595586 -95.41645736151072,29.730549568860415 -95.4606145685229,29.729184682142836 -95.45666099243495,29.745385108641997 -95.45554385238025,29.77661990012211 -95.45429863684508,29.780240568744663 -95.45271009855601,29.77939143156215 -95.40429890804621,29.776888792084872 -95.38395435266825,29.776770060657867 -95.37747279458377,29.778647630361586 -95.37548242785665,29.778668146079116 -95.37453015983733,29.778790149035963 -95.37374955319497,29.778539668147523 -95.37049838059279,29.777463240677026 -95.36638890110585,29.77148840681061 -95.36437707670662,29.769208644992347 -95.36176443748805,29.76752487363215 -95.35850108096285,29.767217008113843 -95.35268426145547,29.7696471824351 -95.35038470981254,29.76998138436737 -95.34693002460136,29.770204893851105 -95.34377574679985,29.769310852923773 -95.34274577853813,29.76875207329197 -95.34274577853813,29.76867756910557 -95.34288764217598,29.768746609945644 -95.34440615016048,29.769351663973495 -95.34275927382534,29.768704410877945 -95.34755613556202,29.76996725201385 -95.34622972616981,29.76994009655609 -95.34874027380775,29.770098415890512 -95.35187630156653,29.769898204399958 -95.349258465568,29.77018690429554 -95.34672646025794,29.76984232690471 -95.34260122279304,29.76901347373125 -95.3427567909159,29.768685190100708 -95.34355608920234,29.769008817233402 -95.34277824858802,29.768715457430822 -95.34207014540809,29.7684311876592 -95.34142641524451,29.76846843985095 -95.3410830924906,29.76850569202885 -95.33981708983558,29.768682639684744 -95.34067539672034,29.768552257231768 -95.34266023139136,29.768384622400028 -95.34379748801368,29.76913897693366 -95.34069063676748,29.768470238897557 -95.33905762135556,29.790042455807498 -95.33915390183876,29.794973220503124 -95.33942184369887,29.799307892644794 -95.3392606321166,29.80289759227145 -95.33772612951874,29.80559344617705 -95.33585875396167,29.80815493234465 -95.32849821434209,29.80833319085313 -95.31812275747112,29.80923095875224 -95.3066643605595,29.809019957539107 -95.29655294346378,29.804985635870406 -95.28636054920719,29.804333958297345 -95.28332063500872,29.804024435120986 -95.2799303228139,29.802702443482804 -95.27763435189715,29.800719874738483 -95.275445669341,29.799733004963745 -95.26860932319043,29.793785748652535 -95.26449538150729,29.783255589801197 -95.26381466736319,29.77779027697552 -95.26513789133358,29.768564584804878 -95.26543114704228,29.758741951829272 -95.26547484405204,29.738629388922 -95.26648096416652,29.71007045288893 -95.28869855815239,29.697269058936897 -95.29148805552788,29.696337088766995 -95.29174554759331,29.695777902515164 -95.29054391795464,29.692832803562165 -95.2902207514422,29.68151589175262 -95.28944827524592,29.679017800683898 -95.2885850014976,29.642097927180885 -95.28901415493998,29.63881555383188 -95.28879957821879,29.63765923773554 -95.28556390121801,29.63199119143382 -95.2852853591838,29.616655725068068 -95.28558576659347,29.611656260674827 -95.28641482685455,29.600118375721138 -95.34660972620851,29.600046896873973 -95.357301311123,29.598112994110362 -95.4172085818089,29.59663134660484 -95.42643538082012,29.597191083858558 -95.39318224717181,29.680223418823303 -95.38522858114472,29.70409577673198 -95.38334030599823,29.709500665842782 -95.38192409963837,29.713824367673865 -95.37520384715675,29.733165034139063 -95.37505746536586,29.73313488358774</coordinates></LinearRing></outerBoundaryIs></Polygon></Placemark><Placemark><name>TX - LIVINGSTON</name><ExtendedData><Data name="name"><value>TX - LIVINGSTON</value></Data></ExtendedData><Polygon><outerBoundaryIs><LinearRing><coordinates>-95.40627072450087,30.872035992783346 -95.39339612122939,30.956718804139623 -95.31014035340712,30.994544090844258 -95.00252316590712,30.982771289411083 -94.84596799012587,30.881465263968412 -94.76151059266493,30.522797863231727 -94.94570325013564,30.54527207652009 -95.02483914491103,30.547046135039412 -95.28748105164931,30.55148113951222 -95.2975661575453,30.570475449096868 -95.30559132691786,30.590057126928382 -95.32129834290907,30.630685719395277 -95.35219739076064,30.71189173578911 -95.3830964386122,30.791481087162158 -95.39837430116103,30.831398485470167 -95.40601323243544,30.851350963447402 -95.40991852876112,30.86139932446894 -95.41373799439833,30.871004609956408</coordinates></LinearRing></outerBoundaryIs></Polygon></Placemark><Placemark><name>TX - SPRING A (GABY)</name><ExtendedData><Data name="name"><value>TX - SPRING A (GABY)</value></Data></ExtendedData><Polygon><outerBoundaryIs><LinearRing><coordinates>-95.56707569842386,29.98119987349988 -95.53085514788675,30.001977304092726 -95.51381775622416,30.011100901380633 -95.50392576937723,30.016702857436634 -95.49725243334818,30.019703443394626 -95.48085877184916,29.99822356428222 -95.42948910479593,30.023493527457017 -95.4361838984971,30.09243288043225 -95.43990680460978,30.092205452102313 -95.44680544619608,30.087893497643275 -95.44867226367045,30.087735683041355 -95.45130082850504,30.087656775645996 -95.45392939333964,30.08839478941395 -95.45910069232035,30.089350950004288 -95.48510739092875,30.093992374887726 -95.51205822711039,30.093769591471553 -95.52682110552836,30.087382920079396 -95.53536125903177,30.084746441254765 -95.5413264918809,30.07854486891737 -95.5535573649888,30.077393636056954 -95.55943676714945,30.073122816482094 -95.58278271441507,30.050837289947193 -95.61471173052836,30.052025978006117 -95.59196659808207,30.0151700153329 -95.58170983080912,30.00000753754053 -95.5662173915391,29.979192521090706</coordinates></LinearRing></outerBoundaryIs></Polygon></Placemark><Placemark><name>TX - SPRING B (GABY)</name><ExtendedData><Data name="name"><value>TX - SPRING B (GABY)</value></Data></ExtendedData><Polygon><outerBoundaryIs><LinearRing><coordinates>-95.5668939320496,29.979458163772293 -95.56148659867557,29.970759191137308 -95.51625382584842,29.937071370978085 -95.43840539140018,29.938038288680502 -95.43372761887821,29.937480452691354 -95.42108905000003,29.940697263906298 -95.41428696793827,29.940938985402646 -95.41774165314945,29.952076131101023 -95.4183102814606,29.963630298518055 -95.42473148984226,29.9934948029012 -95.42753439826282,30.008683825126084 -95.429006931012,30.023796208443873 -95.48089158219608,29.997968825867712 -95.4954827992371,30.017219225518435 -95.49725842160495,30.0195509459325 -95.5038405625275,30.016606094712344 -95.51494490784916,30.010567482765907 -95.55105817002567,29.990535239718454 -95.5641580788544,29.982757254350844 -95.56601416749271,29.981707133183487 -95.56688320321354,29.98114024900028</coordinates></LinearRing></outerBoundaryIs></Polygon></Placemark><Placemark><name>DE pa1</name><ExtendedData><Data name="name"><value>DE pa1</value></Data></ExtendedData><Polygon><outerBoundaryIs><LinearRing><coordinates>-75.2622879371672,39.87550189111719 -75.25696643448165,39.87971743180084 -75.25536934202121,39.89870081170899 -75.25717178647922,39.902174182550716 -75.25354645502013,39.90668738998747 -75.24739242862876,39.91521064628734 -75.24734299438005,39.92180349833917 -75.24433892028337,39.92739842509572 -75.24405997054582,39.93047543992232 -75.24238226758813,39.93321705796045 -75.2384340559182,39.933200604362604 -75.23504374372338,39.93565214683088 -75.23500082837914,39.938120053904406 -75.23905632840966,39.93809259939232 -75.24062273847436,39.93881650220911 -75.24049399244164,39.939523945290425 -75.239657143229,39.940428803687844 -75.23948548185204,39.94090590602502 -75.23961422788476,39.94149816636734 -75.24609444486474,39.94260041502245 -75.24849770414208,39.94602220816504 -75.25124428617333,39.949378031360716 -75.25047180997704,39.95306266720786 -75.2495276724038,39.95944451320092 -75.24909851896142,39.96339174868296 -75.25093796400903,39.96593013020725 -75.25540115980981,39.969811212119765 -75.25643112807153,39.97730962754227 -75.25548699049828,39.96954809488523 -75.25892021803735,39.96612747867245 -75.26776077895043,39.966785302775385 -75.28080704359887,39.97474447273937 -75.27737381605981,39.976586132090034 -75.29553811506771,40.01122277139336 -75.30066706086964,40.00861767020384 -75.35242316372806,40.06670231024747 -75.41503992346092,40.04176547759406 -75.41225042608544,40.03806919621191 -75.40426932165536,40.02657251738794 -75.45618166829617,39.973433482828526 -75.57685614685256,39.919721871447074 -75.5924526194342,39.87283484966445 -75.60253680611558,39.84413788334961 -75.52451671029038,39.84413788334961 -75.44413507401137,39.82562383806373 -75.41455589823475,39.80062218291437 -75.32863131188603,39.849668943976084 -75.26511660241337,39.849932522075406 -75.2622879371672,39.87550189111719</coordinates></LinearRing></outerBoundaryIs></Polygon></Placemark><Placemark><name>DE pa2</name><ExtendedData><Data name="name"><value>DE pa2</value></Data></ExtendedData><Polygon><outerBoundaryIs><LinearRing><coordinates>-75.71482185081787,39.80247934845834 -75.60255531029053,39.84387715196253 -75.57714942650146,39.920542141562635 -75.45343949973814,39.975024846835915 -75.40468766868345,40.02630943676353 -75.4235704201483,40.053645466360166 -75.49875810325376,40.055222210612634 -75.52416398704283,40.08175859639179 -75.5557496804022,40.07808090267123 -75.60175492942564,40.06678388711215 -75.66938951194517,40.070199461528155 -75.6820924538397,40.08359736876061 -75.70543840110533,40.08254664777369 -76.02625082577148,39.99278312513131 -75.97543905819336,39.94858008030442 -76.34622763241211,39.84849157631532 -76.31395529354492,39.81685431508859 -76.2246913775293,39.72238325697906 -75.78935812557617,39.72291138831759 -75.71207526878662,39.80036923844275</coordinates></LinearRing></outerBoundaryIs></Polygon></Placemark><Placemark><name>RGVTX-1</name><ExtendedData><Data name="name"><value>RGVTX-1</value></Data></ExtendedData><Polygon><outerBoundaryIs><LinearRing><coordinates>-98.24126773540911,26.601042357381395 -97.19756656353411,26.59858648543832 -97.14507374877677,25.94896975044265 -97.22406010058351,25.95074403578239 -97.26860622790285,25.929904556151783 -97.34949979115092,25.913423628944884 -97.36151608753764,25.833416417229408 -97.4034014635142,25.835579486493543 -97.42812070179545,25.84454035221112 -97.47172269154154,25.84670321810856 -97.51189145374858,25.869565380937505 -97.5846758775767,25.93071535740757 -97.63619991895429,25.987262366392393 -97.65439602491132,25.986953756088862 -97.68529507276288,25.9851020772524 -97.74777981397382,25.982015881040606 -97.80992123243085,25.981398632076104 -98.26868485674308,26.059142449765343 -98.92649125322745,26.3573125170373 -98.43215518658099,26.602270273585148</coordinates></LinearRing></outerBoundaryIs></Polygon></Placemark><Placemark><name>TX - LIBERTY A (JOSUE)</name><ExtendedData><Data name="name"><value>TX - LIBERTY A (JOSUE)</value></Data></ExtendedData><Polygon><outerBoundaryIs><LinearRing><coordinates>-95.29469708157701,29.940727417274164 -95.27435797377149,29.94066413773397 -95.25470551147376,29.934650599614386 -95.22020710543302,29.934226510116382 -95.14605492131611,29.936256964503716 -95.14777706581246,29.95152573367707 -95.05638870314246,29.991386630760765 -95.01095201387288,30.011311080579237 -94.98806200786115,30.021197489458068 -94.98414195081621,30.0226285387122 -94.97696032760918,30.026437571724138 -94.97259703980937,30.02845349876543 -94.96754710650174,30.030023531461737 -94.96654529286502,30.031974607848433 -94.98048738104576,30.049975918826767 -94.99666106712694,30.067379711993148 -95.01647715877166,30.089108390178865 -95.02765390659738,30.100777511209238 -95.03780068616142,30.11318772381475 -95.0550043405043,30.13785501607834 -95.06589404054746,30.146951395616206 -95.07618097838699,30.151005888845763 -95.08234804317968,30.1517946951016 -95.09512407098502,30.151692886956123 -95.10091127006835,30.151122457474543 -95.10412354849741,30.150106712481442 -95.11454391338094,30.145839999648103 -95.16393141083283,30.148624252833756 -95.17357929952007,30.147177916979732 -95.17629362648586,30.145326230656217 -95.18003792171335,30.143326061748894 -95.18446886244865,30.13865369899381 -95.18914636074145,30.134660766871107 -95.19334872520555,30.130990870412457 -95.20870907917164,30.12910248563609 -95.22827179760186,30.129334351785783 -95.23247082279477,30.116648600820252 -95.2362406945453,30.103812713148645 -95.25516110485674,30.03783441628298 -95.27402787098788,29.98906977025162</coordinates></LinearRing></outerBoundaryIs></Polygon></Placemark></Document></kml>